"","YEAR","VE_REF","reserve","fished","total_effort","displacement","dataset"
"1",2014,"1026611863",0,0.566666666666667,0.566666666666667,0,"AIS_2014"
"2",2014,"178311040",0,0.233333333333333,0.233333333333333,0,"AIS_2014"
"3",2014,"178334040",0,0.883333333333333,0.883333333333333,0,"AIS_2014"
"4",2014,"190345040",0,0.65,0.65,0,"AIS_2014"
"5",2014,"190474040",0,0.966666666666667,0.966666666666667,0,"AIS_2014"
"6",2014,"190870041",0,843.983333333333,843.983333333333,0,"AIS_2014"
"7",2014,"190870045",0,1602.21666666667,1602.21666666667,0,"AIS_2014"
"8",2014,"190974280",0.616666666666667,721.533333333333,722.15,0.085,"AIS_2014"
"9",2014,"190987180",136.733333333333,2396.98333333333,2533.71666666667,5.397,"AIS_2014"
"10",2014,"190987280",45.5,745.316666666667,790.816666666667,5.754,"AIS_2014"
"11",2014,"190993496",0,269.65,269.65,0,"AIS_2014"
"12",2014,"191026680",204.266666666667,1615.7,1819.96666666667,11.224,"AIS_2014"
"13",2014,"191030840",0,29.35,29.35,0,"AIS_2014"
"14",2014,"191030880",0,629.483333333333,629.483333333333,0,"AIS_2014"
"15",2014,"191032280",2.98333333333333,145.433333333333,148.416666666667,2.01,"AIS_2014"
"16",2014,"191054820",0,458.716666666667,458.716666666667,0,"AIS_2014"
"17",2014,"191067280",3.76666666666667,755.433333333333,759.2,0.496,"AIS_2014"
"18",2014,"191068480",0,22.95,22.95,0,"AIS_2014"
"19",2014,"191128480",0,793.533333333333,793.533333333333,0,"AIS_2014"
"20",2014,"191130880",0,20.6166666666667,20.6166666666667,0,"AIS_2014"
"21",2014,"191147780",0,50.8,50.8,0,"AIS_2014"
"22",2014,"191169880",27.6666666666667,1198.98333333333,1226.65,2.255,"AIS_2014"
"23",2014,"191178380",0,142.766666666667,142.766666666667,0,"AIS_2014"
"24",2014,"191186480",0,407.433333333333,407.433333333333,0,"AIS_2014"
"25",2014,"191197880",103.333333333333,1700.9,1804.23333333333,5.727,"AIS_2014"
"26",2014,"191201880",0,0,0,0,"AIS_2014"
"27",2014,"191207580",162.5,2293.31666666667,2455.81666666667,6.617,"AIS_2014"
"28",2014,"191211180",0,18.9333333333333,18.9333333333333,0,"AIS_2014"
"29",2014,"191231380",0,7.31666666666667,7.31666666666667,0,"AIS_2014"
"30",2014,"191251580",0,65,65,0,"AIS_2014"
"31",2014,"191270680",3.3,491.733333333333,495.033333333333,0.667,"AIS_2014"
"32",2014,"191272780",0,1609.45,1609.45,0,"AIS_2014"
"33",2014,"191274480",5.55,1015.33333333333,1020.88333333333,0.544,"AIS_2014"
"34",2014,"191277180",0,459.583333333333,459.583333333333,0,"AIS_2014"
"35",2014,"191277980",60.5166666666667,969.533333333333,1030.05,5.875,"AIS_2014"
"36",2014,"191279180",0,358.633333333333,358.633333333333,0,"AIS_2014"
"37",2014,"191283580",0,366.25,366.25,0,"AIS_2014"
"38",2014,"191299080",0,684.716666666667,684.716666666667,0,"AIS_2014"
"39",2014,"191313180",0,19.5333333333333,19.5333333333333,0,"AIS_2014"
"40",2014,"191315180",7.53333333333333,887.816666666667,895.35,0.841,"AIS_2014"
"41",2014,"191321280",1.53333333333333,264,265.533333333333,0.577,"AIS_2014"
"42",2014,"191367880",52.3,12.35,64.65,80.897,"AIS_2014"
"43",2014,"191376280",9.7,557.183333333333,566.883333333333,1.711,"AIS_2014"
"44",2014,"191406750",0,1478.95,1478.95,0,"AIS_2014"
"45",2014,"191417650",11.0166666666667,696.566666666667,707.583333333333,1.557,"AIS_2014"
"46",2014,"191426750",0.716666666666667,460.45,461.166666666667,0.155,"AIS_2014"
"47",2014,"191427280",0,3.21666666666667,3.21666666666667,0,"AIS_2014"
"48",2014,"191433250",0,6.75,6.75,0,"AIS_2014"
"49",2014,"191453050",0,168.2,168.2,0,"AIS_2014"
"50",2014,"191454150",0,65.4666666666667,65.4666666666667,0,"AIS_2014"
"51",2014,"191462450",0,82.6833333333333,82.6833333333333,0,"AIS_2014"
"52",2014,"191468050",0,257.283333333333,257.283333333333,0,"AIS_2014"
"53",2014,"191493080",0,477.083333333333,477.083333333333,0,"AIS_2014"
"54",2014,"191495280",68.9,620.316666666667,689.216666666667,9.997,"AIS_2014"
"55",2014,"191519550",0.866666666666667,744.65,745.516666666667,0.116,"AIS_2014"
"56",2014,"191521750",0,210.016666666667,210.016666666667,0,"AIS_2014"
"57",2014,"191524650",0,24.4666666666667,24.4666666666667,0,"AIS_2014"
"58",2014,"191525980",0,13.4833333333333,13.4833333333333,0,"AIS_2014"
"59",2014,"191545880",0,3.11666666666667,3.11666666666667,0,"AIS_2014"
"60",2014,"191627780",5.78333333333333,44.2833333333333,50.0666666666667,11.551,"AIS_2014"
"61",2014,"191629080",0,13.5333333333333,13.5333333333333,0,"AIS_2014"
"62",2014,"191660880",0,31.5666666666667,31.5666666666667,0,"AIS_2014"
"63",2014,"191661580",10.05,824.016666666667,834.066666666667,1.205,"AIS_2014"
"64",2014,"191661680",0,1396.63333333333,1396.63333333333,0,"AIS_2014"
"65",2014,"191665080",65.35,883.316666666667,948.666666666667,6.889,"AIS_2014"
"66",2014,"191665980",0,7.35,7.35,0,"AIS_2014"
"67",2014,"191668380",0,118.8,118.8,0,"AIS_2014"
"68",2014,"191768980",0,256.166666666667,256.166666666667,0,"AIS_2014"
"69",2014,"191791980",0,927.366666666667,927.366666666667,0,"AIS_2014"
"70",2014,"191817780",0,456.033333333333,456.033333333333,0,"AIS_2014"
"71",2014,"191825280",1.13333333333333,198.833333333333,199.966666666667,0.567,"AIS_2014"
"72",2014,"191831650",0,237.95,237.95,0,"AIS_2014"
"73",2014,"191842180",0,8.66666666666667,8.66666666666667,0,"AIS_2014"
"74",2014,"191842280",1.58333333333333,81.1,82.6833333333333,1.915,"AIS_2014"
"75",2014,"191853650",0,200.066666666667,200.066666666667,0,"AIS_2014"
"76",2014,"191854650",10.5166666666667,702.983333333333,713.5,1.474,"AIS_2014"
"77",2014,"191857980",183.116666666667,2223.28333333333,2406.4,7.61,"AIS_2014"
"78",2014,"191860450",0,320.716666666667,320.716666666667,0,"AIS_2014"
"79",2014,"191866480",0.483333333333333,108.8,109.283333333333,0.442,"AIS_2014"
"80",2014,"191868250",14.9833333333333,894.966666666667,909.95,1.647,"AIS_2014"
"81",2014,"199900200",0,301.283333333333,301.283333333333,0,"AIS_2014"
"82",2014,"199900220",0,169.05,169.05,0,"AIS_2014"
"83",2014,"199900370",0,306.816666666667,306.816666666667,0,"AIS_2014"
"84",2014,"199900510",0,300.566666666667,300.566666666667,0,"AIS_2014"
"85",2014,"199900660",0,355.383333333333,355.383333333333,0,"AIS_2014"
"86",2014,"199900770",0,271.8,271.8,0,"AIS_2014"
"87",2014,"199900810",0,829.783333333333,829.783333333333,0,"AIS_2014"
"88",2014,"199900880",0,237.333333333333,237.333333333333,0,"AIS_2014"
"89",2014,"199900930",0,79.4666666666667,79.4666666666667,0,"AIS_2014"
"90",2014,"199901660",0,208.7,208.7,0,"AIS_2014"
"91",2014,"199915190",0,22.85,22.85,0,"AIS_2014"
"92",2014,"199920150",0,551.466666666667,551.466666666667,0,"AIS_2014"
"93",2014,"199920220",0,74.15,74.15,0,"AIS_2014"
"94",2014,"199920260",0,178,178,0,"AIS_2014"
"95",2014,"199920270",0,810.433333333333,810.433333333333,0,"AIS_2014"
"96",2014,"199920480",0,110,110,0,"AIS_2014"
"97",2014,"199920490",0,1504.38333333333,1504.38333333333,0,"AIS_2014"
"98",2014,"199920520",0,1652.76666666667,1652.76666666667,0,"AIS_2014"
"99",2014,"199920560",0,174.433333333333,174.433333333333,0,"AIS_2014"
"100",2014,"199920600",0,357.933333333333,357.933333333333,0,"AIS_2014"
"101",2014,"199920800",0,150.1,150.1,0,"AIS_2014"
"102",2014,"199920870",0,244.4,244.4,0,"AIS_2014"
"103",2014,"199920930",0,365.733333333333,365.733333333333,0,"AIS_2014"
"104",2014,"199920980",0,243.5,243.5,0,"AIS_2014"
"105",2014,"199921030",0,529.616666666667,529.616666666667,0,"AIS_2014"
"106",2014,"199921060",0,312.516666666667,312.516666666667,0,"AIS_2014"
"107",2014,"199921070",0,525.416666666667,525.416666666667,0,"AIS_2014"
"108",2014,"199921080",0,10.9666666666667,10.9666666666667,0,"AIS_2014"
"109",2014,"199921120",0,839.65,839.65,0,"AIS_2014"
"110",2014,"199921190",0,665.15,665.15,0,"AIS_2014"
"111",2014,"199921230",0,324.3,324.3,0,"AIS_2014"
"112",2014,"199921250",0,498.85,498.85,0,"AIS_2014"
"113",2014,"199921260",0,496.616666666667,496.616666666667,0,"AIS_2014"
"114",2014,"199921270",0,377.25,377.25,0,"AIS_2014"
"115",2014,"199921280",0,107.066666666667,107.066666666667,0,"AIS_2014"
"116",2014,"199921450",0,398.25,398.25,0,"AIS_2014"
"117",2014,"199921490",0,525.55,525.55,0,"AIS_2014"
"118",2014,"199921510",0,1442.58333333333,1442.58333333333,0,"AIS_2014"
"119",2014,"199921600",0,218.183333333333,218.183333333333,0,"AIS_2014"
"120",2014,"199921770",0,1950.06666666667,1950.06666666667,0,"AIS_2014"
"121",2014,"199921780",0,1329.95,1329.95,0,"AIS_2014"
"122",2014,"199921870",0,132.8,132.8,0,"AIS_2014"
"123",2014,"199921880",0,150.933333333333,150.933333333333,0,"AIS_2014"
"124",2014,"199921900",0,415.733333333333,415.733333333333,0,"AIS_2014"
"125",2014,"199921970",0,164.333333333333,164.333333333333,0,"AIS_2014"
"126",2014,"199922020",0,1632.08333333333,1632.08333333333,0,"AIS_2014"
"127",2014,"199922480",0,1943.63333333333,1943.63333333333,0,"AIS_2014"
"128",2014,"199922570",0,290.333333333333,290.333333333333,0,"AIS_2014"
"129",2014,"199922590",0,222.85,222.85,0,"AIS_2014"
"130",2014,"199922610",0,1586.81666666667,1586.81666666667,0,"AIS_2014"
"131",2014,"199922630",0,179.266666666667,179.266666666667,0,"AIS_2014"
"132",2014,"199922970",0,1286.25,1286.25,0,"AIS_2014"
"133",2014,"199923080",0,558.483333333333,558.483333333333,0,"AIS_2014"
"134",2014,"199923100",0,144.716666666667,144.716666666667,0,"AIS_2014"
"135",2014,"199923160",0,135.183333333333,135.183333333333,0,"AIS_2014"
"136",2014,"199923200",0,1427.98333333333,1427.98333333333,0,"AIS_2014"
"137",2014,"199923410",0,186.15,186.15,0,"AIS_2014"
"138",2014,"199923460",0,271.983333333333,271.983333333333,0,"AIS_2014"
"139",2014,"199923580",0,76.4333333333333,76.4333333333333,0,"AIS_2014"
"140",2014,"199923590",0,9.58333333333333,9.58333333333333,0,"AIS_2014"
"141",2014,"199923620",0,632,632,0,"AIS_2014"
"142",2014,"199923660",0,958.2,958.2,0,"AIS_2014"
"143",2014,"199923720",0,65.4166666666667,65.4166666666667,0,"AIS_2014"
"144",2014,"199923750",0,490.916666666667,490.916666666667,0,"AIS_2014"
"145",2014,"199923760",0,752.95,752.95,0,"AIS_2014"
"146",2014,"199923820",0,433.05,433.05,0,"AIS_2014"
"147",2014,"199923860",0,79.2333333333333,79.2333333333333,0,"AIS_2014"
"148",2014,"199923950",0,558.466666666667,558.466666666667,0,"AIS_2014"
"149",2014,"199923990",0,141.033333333333,141.033333333333,0,"AIS_2014"
"150",2014,"199924050",0,604.1,604.1,0,"AIS_2014"
"151",2014,"199924070",0,177.433333333333,177.433333333333,0,"AIS_2014"
"152",2014,"199924080",0,187.233333333333,187.233333333333,0,"AIS_2014"
"153",2014,"199924120",0,147.283333333333,147.283333333333,0,"AIS_2014"
"154",2014,"199924130",0,183.466666666667,183.466666666667,0,"AIS_2014"
"155",2014,"199924160",0,85.2,85.2,0,"AIS_2014"
"156",2014,"199924170",0,150.5,150.5,0,"AIS_2014"
"157",2014,"199924210",0,171.45,171.45,0,"AIS_2014"
"158",2014,"199924480",0,523.383333333333,523.383333333333,0,"AIS_2014"
"159",2014,"199924490",0,186.75,186.75,0,"AIS_2014"
"160",2014,"199924690",0,1936.23333333333,1936.23333333333,0,"AIS_2014"
"161",2014,"199924780",0,408.566666666667,408.566666666667,0,"AIS_2014"
"162",2014,"199924790",0,125.083333333333,125.083333333333,0,"AIS_2014"
"163",2014,"199925060",0,123.233333333333,123.233333333333,0,"AIS_2014"
"164",2014,"199925070",0,43,43,0,"AIS_2014"
"165",2014,"199925580",0,1093.28333333333,1093.28333333333,0,"AIS_2014"
"166",2014,"199925610",0,62.95,62.95,0,"AIS_2014"
"167",2014,"199932180",2.01666666666667,6.15,8.16666666666667,24.694,"AIS_2014"
"168",2014,"199935680",0,297.616666666667,297.616666666667,0,"AIS_2014"
"169",2014,"199938120",0,831.7,831.7,0,"AIS_2014"
"170",2014,"199940270",0,115.116666666667,115.116666666667,0,"AIS_2014"
"171",2014,"199940570",0,594.516666666667,594.516666666667,0,"AIS_2014"
"172",2014,"199940580",0,154.083333333333,154.083333333333,0,"AIS_2014"
"173",2014,"199940630",0,135.233333333333,135.233333333333,0,"AIS_2014"
"174",2014,"199940650",0,133.6,133.6,0,"AIS_2014"
"175",2014,"199940680",0,998.266666666667,998.266666666667,0,"AIS_2014"
"176",2014,"199940690",0,310.55,310.55,0,"AIS_2014"
"177",2014,"199940700",0,1162.78333333333,1162.78333333333,0,"AIS_2014"
"178",2014,"199940710",0,485.166666666667,485.166666666667,0,"AIS_2014"
"179",2014,"199940750",0,1095.95,1095.95,0,"AIS_2014"
"180",2014,"199940780",0,9.1,9.1,0,"AIS_2014"
"181",2014,"199940820",0,189.016666666667,189.016666666667,0,"AIS_2014"
"182",2014,"199940880",0,36.1833333333333,36.1833333333333,0,"AIS_2014"
"183",2014,"199940890",0,520.666666666667,520.666666666667,0,"AIS_2014"
"184",2014,"199940920",0,1013.23333333333,1013.23333333333,0,"AIS_2014"
"185",2014,"199940930",0,76.55,76.55,0,"AIS_2014"
"186",2014,"199941000",0,88.1666666666667,88.1666666666667,0,"AIS_2014"
"187",2014,"199941010",0,177.2,177.2,0,"AIS_2014"
"188",2014,"199941050",0,159.783333333333,159.783333333333,0,"AIS_2014"
"189",2014,"199941060",0,1064.13333333333,1064.13333333333,0,"AIS_2014"
"190",2014,"199941090",0,14.0666666666667,14.0666666666667,0,"AIS_2014"
"191",2014,"199941100",0,68.2333333333333,68.2333333333333,0,"AIS_2014"
"192",2014,"199941160",0,318.516666666667,318.516666666667,0,"AIS_2014"
"193",2014,"199941210",0,205.95,205.95,0,"AIS_2014"
"194",2014,"199941420",0,684.083333333333,684.083333333333,0,"AIS_2014"
"195",2014,"199941460",0,138.116666666667,138.116666666667,0,"AIS_2014"
"196",2014,"199941930",0,487.516666666667,487.516666666667,0,"AIS_2014"
"197",2014,"199941970",0,682.933333333333,682.933333333333,0,"AIS_2014"
"198",2014,"199941980",0,133.8,133.8,0,"AIS_2014"
"199",2014,"199942010",0,107.15,107.15,0,"AIS_2014"
"200",2014,"199942390",0,7.71666666666667,7.71666666666667,0,"AIS_2014"
"201",2014,"199942420",0,32.2666666666667,32.2666666666667,0,"AIS_2014"
"202",2014,"199942720",0,12.5666666666667,12.5666666666667,0,"AIS_2014"
"203",2014,"199942760",0,197.7,197.7,0,"AIS_2014"
"204",2014,"199942780",0,144.55,144.55,0,"AIS_2014"
"205",2014,"199942790",0,340.916666666667,340.916666666667,0,"AIS_2014"
"206",2014,"199942810",0,198.066666666667,198.066666666667,0,"AIS_2014"
"207",2014,"199942850",0,152.516666666667,152.516666666667,0,"AIS_2014"
"208",2014,"199942860",4.75,998.716666666667,1003.46666666667,0.473,"AIS_2014"
"209",2014,"199942880",0,332.316666666667,332.316666666667,0,"AIS_2014"
"210",2014,"199942890",0,276,276,0,"AIS_2014"
"211",2014,"199943100",0,491.6,491.6,0,"AIS_2014"
"212",2014,"199943130",0,99.5,99.5,0,"AIS_2014"
"213",2014,"199943550",0,932.183333333333,932.183333333333,0,"AIS_2014"
"214",2014,"199943610",0,83.2166666666667,83.2166666666667,0,"AIS_2014"
"215",2014,"199944250",0,28.2,28.2,0,"AIS_2014"
"216",2014,"199944300",0,611.083333333333,611.083333333333,0,"AIS_2014"
"217",2014,"199944460",0,14.8,14.8,0,"AIS_2014"
"218",2014,"199944670",0,1.56666666666667,1.56666666666667,0,"AIS_2014"
"219",2014,"199944680",0,35.4833333333333,35.4833333333333,0,"AIS_2014"
"220",2014,"199944720",0,241.2,241.2,0,"AIS_2014"
"221",2014,"199944880",0,0,0,0,"AIS_2014"
"222",2014,"199945050",0,1355.61666666667,1355.61666666667,0,"AIS_2014"
"223",2014,"199946050",0,443.6,443.6,0,"AIS_2014"
"224",2014,"199946360",0,177.316666666667,177.316666666667,0,"AIS_2014"
"225",2014,"199946500",0,60.5666666666667,60.5666666666667,0,"AIS_2014"
"226",2014,"199946660",111.883333333333,94.2666666666667,206.15,54.273,"AIS_2014"
"227",2014,"199946900",0,327.416666666667,327.416666666667,0,"AIS_2014"
"228",2014,"199947230",0,184.583333333333,184.583333333333,0,"AIS_2014"
"229",2014,"199947290",0,92.3333333333333,92.3333333333333,0,"AIS_2014"
"230",2014,"199947320",0,353.783333333333,353.783333333333,0,"AIS_2014"
"231",2014,"199948010",0,315,315,0,"AIS_2014"
"232",2014,"199949090",0,265.816666666667,265.816666666667,0,"AIS_2014"
"233",2014,"199950280",100.966666666667,799.433333333333,900.4,11.214,"AIS_2014"
"234",2014,"199950310",264.033333333333,267.3,531.333333333333,49.693,"AIS_2014"
"235",2014,"199950330",369.633333333333,434.233333333333,803.866666666667,45.982,"AIS_2014"
"236",2014,"199950370",0,18.4666666666667,18.4666666666667,0,"AIS_2014"
"237",2014,"199950460",0,2,2,0,"AIS_2014"
"238",2014,"199950570",0,383.083333333333,383.083333333333,0,"AIS_2014"
"239",2014,"199950690",9.53333333333333,16.6833333333333,26.2166666666667,36.364,"AIS_2014"
"240",2014,"199950790",0,855.55,855.55,0,"AIS_2014"
"241",2014,"199950820",0,1150.98333333333,1150.98333333333,0,"AIS_2014"
"242",2014,"199950850",0,671.5,671.5,0,"AIS_2014"
"243",2014,"199950860",0,1404.65,1404.65,0,"AIS_2014"
"244",2014,"199950880",0,1132.83333333333,1132.83333333333,0,"AIS_2014"
"245",2014,"199950890",0,772.3,772.3,0,"AIS_2014"
"246",2014,"199950930",0,867.683333333333,867.683333333333,0,"AIS_2014"
"247",2014,"199950950",0,503.633333333333,503.633333333333,0,"AIS_2014"
"248",2014,"199951000",0,1207.35,1207.35,0,"AIS_2014"
"249",2014,"199951010",0,962.9,962.9,0,"AIS_2014"
"250",2014,"199951060",36.4,401.183333333333,437.583333333333,8.318,"AIS_2014"
"251",2014,"199951090",0,346.083333333333,346.083333333333,0,"AIS_2014"
"252",2014,"199951210",0,1552.61666666667,1552.61666666667,0,"AIS_2014"
"253",2014,"199951220",0,835.916666666667,835.916666666667,0,"AIS_2014"
"254",2014,"199951230",0,498.95,498.95,0,"AIS_2014"
"255",2014,"199951260",0,853.816666666667,853.816666666667,0,"AIS_2014"
"256",2014,"199951280",0,42.2666666666667,42.2666666666667,0,"AIS_2014"
"257",2014,"199951290",0,807.233333333333,807.233333333333,0,"AIS_2014"
"258",2014,"199951300",0,1142.98333333333,1142.98333333333,0,"AIS_2014"
"259",2014,"199951310",0,1132.06666666667,1132.06666666667,0,"AIS_2014"
"260",2014,"199951330",0,500.383333333333,500.383333333333,0,"AIS_2014"
"261",2014,"199951410",0,1196.45,1196.45,0,"AIS_2014"
"262",2014,"199951420",0,566,566,0,"AIS_2014"
"263",2014,"199951430",0,193.816666666667,193.816666666667,0,"AIS_2014"
"264",2014,"199951470",0,4.11666666666667,4.11666666666667,0,"AIS_2014"
"265",2014,"199951480",0.266666666666667,615.666666666667,615.933333333333,0.043,"AIS_2014"
"266",2014,"199951510",0,1009.38333333333,1009.38333333333,0,"AIS_2014"
"267",2014,"199951530",0,59.8166666666667,59.8166666666667,0,"AIS_2014"
"268",2014,"199951550",0,670.2,670.2,0,"AIS_2014"
"269",2014,"199951580",0,1116.65,1116.65,0,"AIS_2014"
"270",2014,"199951590",0,480.933333333333,480.933333333333,0,"AIS_2014"
"271",2014,"199951600",0,739.6,739.6,0,"AIS_2014"
"272",2014,"199951610",0,1533.9,1533.9,0,"AIS_2014"
"273",2014,"199951620",0,1316.45,1316.45,0,"AIS_2014"
"274",2014,"199951630",0,1226.85,1226.85,0,"AIS_2014"
"275",2014,"199951650",0,1389.2,1389.2,0,"AIS_2014"
"276",2014,"199951690",0,105.45,105.45,0,"AIS_2014"
"277",2014,"199951710",0,1295.71666666667,1295.71666666667,0,"AIS_2014"
"278",2014,"199951720",0,902.45,902.45,0,"AIS_2014"
"279",2014,"199951730",0,145.066666666667,145.066666666667,0,"AIS_2014"
"280",2014,"199951750",0,1405.83333333333,1405.83333333333,0,"AIS_2014"
"281",2014,"199951760",0,1066.86666666667,1066.86666666667,0,"AIS_2014"
"282",2014,"199951780",0.533333333333333,1156.3,1156.83333333333,0.046,"AIS_2014"
"283",2014,"199951890",0,235.366666666667,235.366666666667,0,"AIS_2014"
"284",2014,"199951970",0,340.9,340.9,0,"AIS_2014"
"285",2014,"199952020",0,47.8833333333333,47.8833333333333,0,"AIS_2014"
"286",2014,"199952070",0,588.15,588.15,0,"AIS_2014"
"287",2014,"199952330",0,634.283333333333,634.283333333333,0,"AIS_2014"
"288",2014,"199952360",0,1274.26666666667,1274.26666666667,0,"AIS_2014"
"289",2014,"199952560",0,133.15,133.15,0,"AIS_2014"
"290",2014,"199952600",0,637.883333333333,637.883333333333,0,"AIS_2014"
"291",2014,"199953100",0,1652.91666666667,1652.91666666667,0,"AIS_2014"
"292",2014,"199953110",0,893.283333333333,893.283333333333,0,"AIS_2014"
"293",2014,"199953180",0,1010.98333333333,1010.98333333333,0,"AIS_2014"
"294",2014,"199953210",0,1346.65,1346.65,0,"AIS_2014"
"295",2014,"199953220",0,927.666666666667,927.666666666667,0,"AIS_2014"
"296",2014,"199953230",0,1131.36666666667,1131.36666666667,0,"AIS_2014"
"297",2014,"199953260",0,595.166666666667,595.166666666667,0,"AIS_2014"
"298",2014,"199953270",0,1073.76666666667,1073.76666666667,0,"AIS_2014"
"299",2014,"199953280",0,1128.98333333333,1128.98333333333,0,"AIS_2014"
"300",2014,"199953290",0,1226.55,1226.55,0,"AIS_2014"
"301",2014,"199953300",0,63.05,63.05,0,"AIS_2014"
"302",2014,"199953320",0,909.133333333333,909.133333333333,0,"AIS_2014"
"303",2014,"199953360",0,144.5,144.5,0,"AIS_2014"
"304",2014,"199953390",0,0.216666666666667,0.216666666666667,0,"AIS_2014"
"305",2014,"199953420",0,165.433333333333,165.433333333333,0,"AIS_2014"
"306",2014,"199953430",0,720.816666666667,720.816666666667,0,"AIS_2014"
"307",2014,"199953450",0,208.933333333333,208.933333333333,0,"AIS_2014"
"308",2014,"199953460",0,128.916666666667,128.916666666667,0,"AIS_2014"
"309",2014,"199953480",0,206.2,206.2,0,"AIS_2014"
"310",2014,"199953490",0,643.883333333333,643.883333333333,0,"AIS_2014"
"311",2014,"199953500",0,980.033333333333,980.033333333333,0,"AIS_2014"
"312",2014,"199953510",0,1680.03333333333,1680.03333333333,0,"AIS_2014"
"313",2014,"199953520",0,1052.45,1052.45,0,"AIS_2014"
"314",2014,"199953530",0,51.5,51.5,0,"AIS_2014"
"315",2014,"199953560",0,934.266666666667,934.266666666667,0,"AIS_2014"
"316",2014,"199953570",0,98.9666666666667,98.9666666666667,0,"AIS_2014"
"317",2014,"199953580",0,91.1,91.1,0,"AIS_2014"
"318",2014,"199953590",0,116.3,116.3,0,"AIS_2014"
"319",2014,"199953670",0,130.45,130.45,0,"AIS_2014"
"320",2014,"199953930",48.1166666666667,276.766666666667,324.883333333333,14.81,"AIS_2014"
"321",2014,"199953960",0,950.65,950.65,0,"AIS_2014"
"322",2014,"199954080",0,474.566666666667,474.566666666667,0,"AIS_2014"
"323",2014,"199954110",0,1085.6,1085.6,0,"AIS_2014"
"324",2014,"199954330",0,1075.63333333333,1075.63333333333,0,"AIS_2014"
"325",2014,"199954420",0,476.766666666667,476.766666666667,0,"AIS_2014"
"326",2014,"199954510",0,1365.16666666667,1365.16666666667,0,"AIS_2014"
"327",2014,"199954560",0,175.45,175.45,0,"AIS_2014"
"328",2014,"199954710",0,560,560,0,"AIS_2014"
"329",2014,"199954770",0,134.116666666667,134.116666666667,0,"AIS_2014"
"330",2014,"199954830",0,903.083333333333,903.083333333333,0,"AIS_2014"
"331",2014,"199955380",0,39.65,39.65,0,"AIS_2014"
"332",2014,"199955400",0,78.9333333333333,78.9333333333333,0,"AIS_2014"
"333",2014,"199955720",0,499.316666666667,499.316666666667,0,"AIS_2014"
"334",2014,"199955810",0,105.066666666667,105.066666666667,0,"AIS_2014"
"335",2014,"199955900",0,123.683333333333,123.683333333333,0,"AIS_2014"
"336",2014,"199956030",3.56666666666667,219.116666666667,222.683333333333,1.602,"AIS_2014"
"337",2014,"199956320",5.46666666666667,231.216666666667,236.683333333333,2.31,"AIS_2014"
"338",2014,"199956610",0,128.683333333333,128.683333333333,0,"AIS_2014"
"339",2014,"199956630",47.6833333333333,300.066666666667,347.75,13.712,"AIS_2014"
"340",2014,"199956900",0,42.9666666666667,42.9666666666667,0,"AIS_2014"
"341",2014,"199957020",16.8666666666667,551.45,568.316666666667,2.968,"AIS_2014"
"342",2014,"199957060",0,1474.15,1474.15,0,"AIS_2014"
"343",2014,"199957150",0,59.2833333333333,59.2833333333333,0,"AIS_2014"
"344",2014,"199957300",0,543.15,543.15,0,"AIS_2014"
"345",2014,"199957550",0,278.483333333333,278.483333333333,0,"AIS_2014"
"346",2014,"199957580",0,843.533333333333,843.533333333333,0,"AIS_2014"
"347",2014,"199957690",0,56.8333333333333,56.8333333333333,0,"AIS_2014"
"348",2014,"199957980",0,1172.83333333333,1172.83333333333,0,"AIS_2014"
"349",2014,"199958090",0,167.533333333333,167.533333333333,0,"AIS_2014"
"350",2014,"199961170",0,131.666666666667,131.666666666667,0,"AIS_2014"
"351",2014,"199970080",0,32.0833333333333,32.0833333333333,0,"AIS_2014"
"352",2014,"199970110",1,59.5333333333333,60.5333333333333,1.652,"AIS_2014"
"353",2014,"199970120",160.85,235.533333333333,396.383333333333,40.579,"AIS_2014"
"354",2014,"199970230",129.05,811.116666666667,940.166666666667,13.726,"AIS_2014"
"355",2014,"199970290",557.95,973.266666666667,1531.21666666667,36.438,"AIS_2014"
"356",2014,"199970300",86.8,219.65,306.45,28.324,"AIS_2014"
"357",2014,"199970310",31.15,967.3,998.45,3.12,"AIS_2014"
"358",2014,"199970330",17.9333333333333,1192.86666666667,1210.8,1.481,"AIS_2014"
"359",2014,"199970360",46.1833333333333,219.683333333333,265.866666666667,17.371,"AIS_2014"
"360",2014,"199970370",12.2,398.966666666667,411.166666666667,2.967,"AIS_2014"
"361",2014,"199970390",0,51.1333333333333,51.1333333333333,0,"AIS_2014"
"362",2014,"199970400",1.48333333333333,238.75,240.233333333333,0.617,"AIS_2014"
"363",2014,"199970460",75.25,907.2,982.45,7.659,"AIS_2014"
"364",2014,"199970470",0,1251.81666666667,1251.81666666667,0,"AIS_2014"
"365",2014,"199970490",26.95,547.833333333333,574.783333333333,4.689,"AIS_2014"
"366",2014,"199970500",70.1333333333333,404.4,474.533333333333,14.779,"AIS_2014"
"367",2014,"199970530",2.45,444.9,447.35,0.548,"AIS_2014"
"368",2014,"199970550",0.383333333333333,252.216666666667,252.6,0.152,"AIS_2014"
"369",2014,"199970570",6.2,1308.16666666667,1314.36666666667,0.472,"AIS_2014"
"370",2014,"199970580",0,375.883333333333,375.883333333333,0,"AIS_2014"
"371",2014,"199970590",0,108.166666666667,108.166666666667,0,"AIS_2014"
"372",2014,"199970610",6.58333333333333,661.1,667.683333333333,0.986,"AIS_2014"
"373",2014,"199970620",26.2666666666667,481.45,507.716666666667,5.173,"AIS_2014"
"374",2014,"199970630",0,1057.91666666667,1057.91666666667,0,"AIS_2014"
"375",2014,"199970660",0,105.4,105.4,0,"AIS_2014"
"376",2014,"199970700",0,570.983333333333,570.983333333333,0,"AIS_2014"
"377",2014,"199970720",16.3166666666667,1206.51666666667,1222.83333333333,1.334,"AIS_2014"
"378",2014,"199970780",0.216666666666667,94.7833333333333,95,0.228,"AIS_2014"
"379",2014,"199970820",43.7333333333333,1270.51666666667,1314.25,3.328,"AIS_2014"
"380",2014,"199970830",0,499.816666666667,499.816666666667,0,"AIS_2014"
"381",2014,"199970950",1.71666666666667,1189.31666666667,1191.03333333333,0.144,"AIS_2014"
"382",2014,"199970960",31.45,628.833333333333,660.283333333333,4.763,"AIS_2014"
"383",2014,"199971180",0,77.8,77.8,0,"AIS_2014"
"384",2014,"199971210",0,47.9,47.9,0,"AIS_2014"
"385",2014,"199971290",0,465.066666666667,465.066666666667,0,"AIS_2014"
"386",2014,"199971310",0,111.716666666667,111.716666666667,0,"AIS_2014"
"387",2014,"199971350",0,1038.51666666667,1038.51666666667,0,"AIS_2014"
"388",2014,"199971360",59.0666666666667,509.466666666667,568.533333333333,10.389,"AIS_2014"
"389",2014,"199971380",0,286.966666666667,286.966666666667,0,"AIS_2014"
"390",2014,"199971410",0,802.85,802.85,0,"AIS_2014"
"391",2014,"199971480",0,46.4333333333333,46.4333333333333,0,"AIS_2014"
"392",2014,"199971530",327.733333333333,382.2,709.933333333333,46.164,"AIS_2014"
"393",2014,"199971550",345.5,433.933333333333,779.433333333333,44.327,"AIS_2014"
"394",2014,"199971560",0,959.166666666667,959.166666666667,0,"AIS_2014"
"395",2014,"199971580",0,61.9333333333333,61.9333333333333,0,"AIS_2014"
"396",2014,"199971630",1.01666666666667,697.066666666667,698.083333333333,0.146,"AIS_2014"
"397",2014,"199971650",9.91666666666667,1258.58333333333,1268.5,0.782,"AIS_2014"
"398",2014,"199971670",0,1124.91666666667,1124.91666666667,0,"AIS_2014"
"399",2014,"199972060",194.55,428.733333333333,623.283333333333,31.214,"AIS_2014"
"400",2014,"199972110",32.3166666666667,1187.85,1220.16666666667,2.649,"AIS_2014"
"401",2014,"199972120",0,351.233333333333,351.233333333333,0,"AIS_2014"
"402",2014,"199972220",0,1457.58333333333,1457.58333333333,0,"AIS_2014"
"403",2014,"199972230",0,1035.58333333333,1035.58333333333,0,"AIS_2014"
"404",2014,"199972250",0,925.333333333333,925.333333333333,0,"AIS_2014"
"405",2014,"199972280",27.3666666666667,699.3,726.666666666667,3.766,"AIS_2014"
"406",2014,"199972420",0,940.316666666667,940.316666666667,0,"AIS_2014"
"407",2014,"199972450",215.2,437.983333333333,653.183333333333,32.946,"AIS_2014"
"408",2014,"199972530",13.4,1038.26666666667,1051.66666666667,1.274,"AIS_2014"
"409",2014,"199972600",0.383333333333333,274.75,275.133333333333,0.139,"AIS_2014"
"410",2014,"199972760",4.31666666666667,1101.68333333333,1106,0.39,"AIS_2014"
"411",2014,"199972770",0,1117.78333333333,1117.78333333333,0,"AIS_2014"
"412",2014,"199972790",10.5166666666667,535.933333333333,546.45,1.925,"AIS_2014"
"413",2014,"199972850",13.75,1061.36666666667,1075.11666666667,1.279,"AIS_2014"
"414",2014,"199972890",0,467.183333333333,467.183333333333,0,"AIS_2014"
"415",2014,"199973080",62.7666666666667,1254.3,1317.06666666667,4.766,"AIS_2014"
"416",2014,"199973100",0,2.01666666666667,2.01666666666667,0,"AIS_2014"
"417",2014,"199973170",0,541.766666666667,541.766666666667,0,"AIS_2014"
"418",2014,"199973260",0,362.533333333333,362.533333333333,0,"AIS_2014"
"419",2014,"199973470",28.1833333333333,311.933333333333,340.116666666667,8.286,"AIS_2014"
"420",2014,"199973790",0,346.966666666667,346.966666666667,0,"AIS_2014"
"421",2014,"199974100",20.0833333333333,57.75,77.8333333333333,25.803,"AIS_2014"
"422",2014,"199974200",354.783333333333,745.233333333333,1100.01666666667,32.253,"AIS_2014"
"423",2014,"199974300",95.3833333333333,583.966666666667,679.35,14.04,"AIS_2014"
"424",2014,"199981110",10.5666666666667,250.183333333333,260.75,4.052,"AIS_2014"
"425",2014,"199981520",0,394.7,394.7,0,"AIS_2014"
"426",2014,"199989130",0,184.316666666667,184.316666666667,0,"AIS_2014"
"427",2014,"199990070",0,15.3833333333333,15.3833333333333,0,"AIS_2014"
"428",2014,"199990280",0,78.5833333333333,78.5833333333333,0,"AIS_2014"
"429",2014,"199990290",0,110.2,110.2,0,"AIS_2014"
"430",2014,"199990350",0,90.5833333333333,90.5833333333333,0,"AIS_2014"
"431",2014,"199990380",0,27.25,27.25,0,"AIS_2014"
"432",2014,"199990410",0,29.0666666666667,29.0666666666667,0,"AIS_2014"
"433",2014,"199990430",0,23.6166666666667,23.6166666666667,0,"AIS_2014"
"434",2014,"199990470",0,995.133333333333,995.133333333333,0,"AIS_2014"
"435",2014,"199990480",0,449.9,449.9,0,"AIS_2014"
"436",2014,"199990510",4.58333333333333,77.7,82.2833333333333,5.57,"AIS_2014"
"437",2014,"199990520",3.53333333333333,33.7666666666667,37.3,9.473,"AIS_2014"
"438",2014,"199990530",0.266666666666667,44.4166666666667,44.6833333333333,0.597,"AIS_2014"
"439",2014,"199990540",0,77.1,77.1,0,"AIS_2014"
"440",2014,"199990590",0,1195.36666666667,1195.36666666667,0,"AIS_2014"
"441",2014,"199990600",0.65,141.8,142.45,0.456,"AIS_2014"
"442",2014,"199990642",0,825.816666666667,825.816666666667,0,"AIS_2014"
"443",2014,"199990710",1.08333333333333,43.4833333333333,44.5666666666667,2.431,"AIS_2014"
"444",2014,"199990750",0,780.066666666667,780.066666666667,0,"AIS_2014"
"445",2014,"199990800",0.416666666666667,111.266666666667,111.683333333333,0.373,"AIS_2014"
"446",2014,"199990890",0,28.75,28.75,0,"AIS_2014"
"447",2014,"199990900",0,12.2833333333333,12.2833333333333,0,"AIS_2014"
"448",2014,"199990910",0,8.1,8.1,0,"AIS_2014"
"449",2014,"199990950",0,5.35,5.35,0,"AIS_2014"
"450",2014,"199991010",11.0333333333333,27.95,38.9833333333333,28.303,"AIS_2014"
"451",2014,"199991020",1.95,102.716666666667,104.666666666667,1.863,"AIS_2014"
"452",2014,"199991050",0,676.583333333333,676.583333333333,0,"AIS_2014"
"453",2014,"199991060",0,915.266666666667,915.266666666667,0,"AIS_2014"
"454",2014,"199991120",0.916666666666667,166.816666666667,167.733333333333,0.547,"AIS_2014"
"455",2014,"199991130",1.71666666666667,37.2833333333333,39,4.402,"AIS_2014"
"456",2014,"199991150",0,38.8166666666667,38.8166666666667,0,"AIS_2014"
"457",2014,"199991160",1.3,368.3,369.6,0.352,"AIS_2014"
"458",2014,"199991190",0,147.483333333333,147.483333333333,0,"AIS_2014"
"459",2014,"199991200",2.56666666666667,167.083333333333,169.65,1.513,"AIS_2014"
"460",2014,"199991210",1.28333333333333,104.183333333333,105.466666666667,1.217,"AIS_2014"
"461",2014,"199991220",0.966666666666667,84.6333333333333,85.6,1.129,"AIS_2014"
"462",2014,"199991230",0,111.366666666667,111.366666666667,0,"AIS_2014"
"463",2014,"199991250",1.46666666666667,108.583333333333,110.05,1.333,"AIS_2014"
"464",2014,"199991260",1.53333333333333,107.05,108.583333333333,1.412,"AIS_2014"
"465",2014,"199991280",35.0833333333333,628.933333333333,664.016666666667,5.284,"AIS_2014"
"466",2014,"199991300",0,60.8833333333333,60.8833333333333,0,"AIS_2014"
"467",2014,"199991310",0,1954.85,1954.85,0,"AIS_2014"
"468",2014,"199991320",0,121.9,121.9,0,"AIS_2014"
"469",2014,"199991330",0,139.433333333333,139.433333333333,0,"AIS_2014"
"470",2014,"199991350",0,0,0,0,"AIS_2014"
"471",2014,"199991380",0,5.51666666666667,5.51666666666667,0,"AIS_2014"
"472",2014,"199991420",0,76.25,76.25,0,"AIS_2014"
"473",2014,"199991460",4.05,19.5,23.55,17.197,"AIS_2014"
"474",2014,"199991470",0,1.06666666666667,1.06666666666667,0,"AIS_2014"
"475",2014,"199991480",0.25,63,63.25,0.395,"AIS_2014"
"476",2014,"199991570",0,313.983333333333,313.983333333333,0,"AIS_2014"
"477",2014,"199991580",0,253.8,253.8,0,"AIS_2014"
"478",2014,"199991630",0,591.016666666667,591.016666666667,0,"AIS_2014"
"479",2014,"199991680",0,499.916666666667,499.916666666667,0,"AIS_2014"
"480",2014,"199991700",0,302.316666666667,302.316666666667,0,"AIS_2014"
"481",2014,"199991750",0,590.416666666667,590.416666666667,0,"AIS_2014"
"482",2014,"199991760",0,615.866666666667,615.866666666667,0,"AIS_2014"
"483",2014,"199991770",0,567.183333333333,567.183333333333,0,"AIS_2014"
"484",2014,"199991830",0,670.466666666667,670.466666666667,0,"AIS_2014"
"485",2014,"199991850",0,204.666666666667,204.666666666667,0,"AIS_2014"
"486",2014,"199991860",0,79.5333333333333,79.5333333333333,0,"AIS_2014"
"487",2014,"199991960",1.85,108.733333333333,110.583333333333,1.673,"AIS_2014"
"488",2014,"199992010",0,497.566666666667,497.566666666667,0,"AIS_2014"
"489",2014,"199992070",0,874.5,874.5,0,"AIS_2014"
"490",2014,"199992080",0,908.833333333333,908.833333333333,0,"AIS_2014"
"491",2014,"199992120",1.23333333333333,64.95,66.1833333333333,1.864,"AIS_2014"
"492",2014,"199992150",0,797.783333333333,797.783333333333,0,"AIS_2014"
"493",2014,"199992170",0,441.45,441.45,0,"AIS_2014"
"494",2014,"199992190",0,0.566666666666667,0.566666666666667,0,"AIS_2014"
"495",2014,"199992220",0,8.58333333333333,8.58333333333333,0,"AIS_2014"
"496",2014,"199992230",0,21.55,21.55,0,"AIS_2014"
"497",2014,"199992250",7.76666666666667,607.65,615.416666666667,1.262,"AIS_2014"
"498",2014,"199992260",6.9,25.8166666666667,32.7166666666667,21.09,"AIS_2014"
"499",2014,"199992280",0,455.316666666667,455.316666666667,0,"AIS_2014"
"500",2014,"199992350",0,988.483333333333,988.483333333333,0,"AIS_2014"
"501",2014,"199992360",0,929.916666666667,929.916666666667,0,"AIS_2014"
"502",2014,"199992370",0,1037.68333333333,1037.68333333333,0,"AIS_2014"
"503",2014,"199992380",0,2.81666666666667,2.81666666666667,0,"AIS_2014"
"504",2014,"199992390",0,1073.36666666667,1073.36666666667,0,"AIS_2014"
"505",2014,"199992400",0,28.75,28.75,0,"AIS_2014"
"506",2014,"199992470",0,178.966666666667,178.966666666667,0,"AIS_2014"
"507",2014,"199992490",0,129.883333333333,129.883333333333,0,"AIS_2014"
"508",2014,"199992500",0,285.083333333333,285.083333333333,0,"AIS_2014"
"509",2014,"199992550",0,220.633333333333,220.633333333333,0,"AIS_2014"
"510",2014,"199992560",0,110.683333333333,110.683333333333,0,"AIS_2014"
"511",2014,"199992680",0,903.216666666667,903.216666666667,0,"AIS_2014"
"512",2014,"199992710",0,179.083333333333,179.083333333333,0,"AIS_2014"
"513",2014,"199992870",0,416.016666666667,416.016666666667,0,"AIS_2014"
"514",2014,"199992890",0,1280.83333333333,1280.83333333333,0,"AIS_2014"
"515",2014,"199993060",0,498.916666666667,498.916666666667,0,"AIS_2014"
"516",2014,"199993100",0,810.583333333333,810.583333333333,0,"AIS_2014"
"517",2014,"199993110",0,94.6,94.6,0,"AIS_2014"
"518",2014,"199993120",0,0.616666666666667,0.616666666666667,0,"AIS_2014"
"519",2014,"199993200",0,917.266666666667,917.266666666667,0,"AIS_2014"
"520",2014,"199993330",0,587.533333333333,587.533333333333,0,"AIS_2014"
"521",2014,"199993530",0,357.066666666667,357.066666666667,0,"AIS_2014"
"522",2014,"199993570",0,841.933333333333,841.933333333333,0,"AIS_2014"
"523",2014,"199993670",0,682.2,682.2,0,"AIS_2014"
"524",2014,"199993690",0,287.866666666667,287.866666666667,0,"AIS_2014"
"525",2014,"199993720",0,557.066666666667,557.066666666667,0,"AIS_2014"
"526",2014,"199993750",0,1194.76666666667,1194.76666666667,0,"AIS_2014"
"527",2014,"199993780",0,2.71666666666667,2.71666666666667,0,"AIS_2014"
"528",2014,"199993920",0,922.3,922.3,0,"AIS_2014"
"529",2014,"199994010",0,877.416666666667,877.416666666667,0,"AIS_2014"
"530",2014,"199994050",0,591.05,591.05,0,"AIS_2014"
"531",2014,"199994260",0,94.9833333333333,94.9833333333333,0,"AIS_2014"
"532",2014,"199994430",0,622.983333333333,622.983333333333,0,"AIS_2014"
"533",2014,"199994550",0,507.55,507.55,0,"AIS_2014"
"534",2014,"199994600",0,416.85,416.85,0,"AIS_2014"
"535",2014,"199994650",0,881.016666666667,881.016666666667,0,"AIS_2014"
"536",2014,"199994870",0,279.983333333333,279.983333333333,0,"AIS_2014"
"537",2014,"199995090",3.85,114.583333333333,118.433333333333,3.251,"AIS_2014"
"538",2014,"199995380",0,416.233333333333,416.233333333333,0,"AIS_2014"
"539",2014,"199995420",0,792.7,792.7,0,"AIS_2014"
"540",2014,"199995660",0,724.916666666667,724.916666666667,0,"AIS_2014"
"541",2014,"199995670",0,1.75,1.75,0,"AIS_2014"
"542",2014,"199995680",0,423.033333333333,423.033333333333,0,"AIS_2014"
"543",2014,"199995690",0,333.75,333.75,0,"AIS_2014"
"544",2014,"199995720",0,1195.33333333333,1195.33333333333,0,"AIS_2014"
"545",2014,"199995770",0,253.633333333333,253.633333333333,0,"AIS_2014"
"546",2014,"199995860",0,1094.71666666667,1094.71666666667,0,"AIS_2014"
"547",2014,"199996300",0,385.333333333333,385.333333333333,0,"AIS_2014"
"548",2014,"199996860",0,34.1833333333333,34.1833333333333,0,"AIS_2014"
"549",2014,"199996930",0,394.883333333333,394.883333333333,0,"AIS_2014"
"550",2014,"199997160",34.5333333333333,848.633333333333,883.166666666667,3.91,"AIS_2014"
"551",2014,"199997430",0,232.45,232.45,0,"AIS_2014"
"552",2014,"199997490",0,861.05,861.05,0,"AIS_2014"
"553",2014,"199997500",0,1.18333333333333,1.18333333333333,0,"AIS_2014"
"554",2014,"199997930",0,279.166666666667,279.166666666667,0,"AIS_2014"
"555",2014,"199998410",286.866666666667,601.233333333333,888.1,32.301,"AIS_2014"
"556",2014,"199998850",0,3.1,3.1,0,"AIS_2014"
"557",2014,"200000000",15.65,837,852.65,1.835,"AIS_2014"
"558",2014,"200000790",0,29.8166666666667,29.8166666666667,0,"AIS_2014"
"559",2014,"200001120",0,706.216666666667,706.216666666667,0,"AIS_2014"
"560",2014,"200015760",0,488.9,488.9,0,"AIS_2014"
"561",2014,"200016960",0,372.816666666667,372.816666666667,0,"AIS_2014"
"562",2014,"200018920",0,68.0333333333333,68.0333333333333,0,"AIS_2014"
"563",2014,"200020080",12.7166666666667,495.083333333333,507.8,2.504,"AIS_2014"
"564",2014,"200021190",131.35,290.333333333333,421.683333333333,31.149,"AIS_2014"
"565",2014,"200021200",4.75,353.383333333333,358.133333333333,1.326,"AIS_2014"
"566",2014,"200021350",15.0166666666667,58.5833333333333,73.6,20.403,"AIS_2014"
"567",2014,"200021850",0,382.416666666667,382.416666666667,0,"AIS_2014"
"568",2014,"200022550",0,233.2,233.2,0,"AIS_2014"
"569",2014,"200100400",0,5.68333333333333,5.68333333333333,0,"AIS_2014"
"570",2014,"200102020",0,37.2166666666667,37.2166666666667,0,"AIS_2014"
"571",2014,"200102030",0,124.516666666667,124.516666666667,0,"AIS_2014"
"572",2014,"200102050",0,132.016666666667,132.016666666667,0,"AIS_2014"
"573",2014,"200150320",340.516666666667,214.866666666667,555.383333333333,61.312,"AIS_2014"
"574",2014,"200150630",3.35,120.666666666667,124.016666666667,2.701,"AIS_2014"
"575",2014,"200150830",0,604.516666666667,604.516666666667,0,"AIS_2014"
"576",2014,"200150980",0,83.7333333333333,83.7333333333333,0,"AIS_2014"
"577",2014,"200151280",0,443.45,443.45,0,"AIS_2014"
"578",2014,"200151330",0,294.733333333333,294.733333333333,0,"AIS_2014"
"579",2014,"200151460",16.8166666666667,1176.58333333333,1193.4,1.409,"AIS_2014"
"580",2014,"200151520",0,5.85,5.85,0,"AIS_2014"
"581",2014,"200151550",0,7.53333333333333,7.53333333333333,0,"AIS_2014"
"582",2014,"200151580",0.883333333333333,108.816666666667,109.7,0.805,"AIS_2014"
"583",2014,"200172710",81.45,410.6,492.05,16.553,"AIS_2014"
"584",2014,"200173430",0,10.05,10.05,0,"AIS_2014"
"585",2014,"200368040",57.2833333333333,322.483333333333,379.766666666667,15.084,"AIS_2014"
"586",2014,"218600020",0,0.266666666666667,0.266666666666667,0,"AIS_2014"
"587",2014,"219208040",0,0.25,0.25,0,"AIS_2014"
"588",2014,"230965040",0,46.5333333333333,46.5333333333333,0,"AIS_2014"
"589",NA,"178332040",0,1.46666666666667,1.46666666666667,0,"AIS_bef"
"590",NA,"178334040",0,0.883333333333333,0.883333333333333,0,"AIS_bef"
"591",NA,"190202040",0,0.6,0.6,0,"AIS_bef"
"592",NA,"190257040",0,2.86666666666667,2.86666666666667,0,"AIS_bef"
"593",NA,"190345040",0,0.65,0.65,0,"AIS_bef"
"594",NA,"190474040",0,1.63333333333333,1.63333333333333,0,"AIS_bef"
"595",NA,"190870041",0,745.45,745.45,0,"AIS_bef"
"596",NA,"190870045",0,2088.86666666667,2088.86666666667,0,"AIS_bef"
"597",NA,"190881580",0,199.266666666667,199.266666666667,0,"AIS_bef"
"598",NA,"190883880",0,529.433333333333,529.433333333333,0,"AIS_bef"
"599",NA,"190884880",6.18333333333333,256.116666666667,262.3,2.357,"AIS_bef"
"600",NA,"190887880",0,2.5,2.5,0,"AIS_bef"
"601",NA,"190889980",45.7166666666667,1318.71666666667,1364.43333333333,3.351,"AIS_bef"
"602",NA,"190974280",61.5,1059.96666666667,1121.46666666667,5.484,"AIS_bef"
"603",NA,"190987180",253.066666666667,3152.91666666667,3405.98333333333,7.43,"AIS_bef"
"604",NA,"190987280",108.383333333333,1014.2,1122.58333333333,9.655,"AIS_bef"
"605",NA,"190993496",0,655.05,655.05,0,"AIS_bef"
"606",NA,"191026680",576.666666666667,2365.01666666667,2941.68333333333,19.603,"AIS_bef"
"607",NA,"191030880",0,827.766666666667,827.766666666667,0,"AIS_bef"
"608",NA,"191032280",71.0166666666667,449.6,520.616666666667,13.641,"AIS_bef"
"609",NA,"191054820",0,314.433333333333,314.433333333333,0,"AIS_bef"
"610",NA,"191067280",2.73333333333333,1103.83333333333,1106.56666666667,0.247,"AIS_bef"
"611",NA,"191068480",4.28333333333333,167.25,171.533333333333,2.497,"AIS_bef"
"612",NA,"191128480",0,657.783333333333,657.783333333333,0,"AIS_bef"
"613",NA,"191130880",0,174.366666666667,174.366666666667,0,"AIS_bef"
"614",NA,"191147780",0,70.3666666666667,70.3666666666667,0,"AIS_bef"
"615",NA,"191169880",56.7333333333333,1354.23333333333,1410.96666666667,4.021,"AIS_bef"
"616",NA,"191178380",0,296.383333333333,296.383333333333,0,"AIS_bef"
"617",NA,"191186480",0,627.316666666667,627.316666666667,0,"AIS_bef"
"618",NA,"191197880",347.816666666667,2244.41666666667,2592.23333333333,13.418,"AIS_bef"
"619",NA,"191201880",0,0,0,0,"AIS_bef"
"620",NA,"191207580",323.933333333333,2983.13333333333,3307.06666666667,9.795,"AIS_bef"
"621",NA,"191211180",0,42.8833333333333,42.8833333333333,0,"AIS_bef"
"622",NA,"191231380",0,33.4666666666667,33.4666666666667,0,"AIS_bef"
"623",NA,"191251580",0,65,65,0,"AIS_bef"
"624",NA,"191270680",139.583333333333,1448.51666666667,1588.1,8.789,"AIS_bef"
"625",NA,"191272780",0,1724.45,1724.45,0,"AIS_bef"
"626",NA,"191274480",4.85,1667.4,1672.25,0.29,"AIS_bef"
"627",NA,"191277180",0,596.15,596.15,0,"AIS_bef"
"628",NA,"191277980",108.666666666667,1247.06666666667,1355.73333333333,8.015,"AIS_bef"
"629",NA,"191279180",76.05,791.683333333333,867.733333333333,8.764,"AIS_bef"
"630",NA,"191283580",0,666.55,666.55,0,"AIS_bef"
"631",NA,"191299080",3.83333333333333,1194.43333333333,1198.26666666667,0.32,"AIS_bef"
"632",NA,"191313180",31.3166666666667,266.033333333333,297.35,10.532,"AIS_bef"
"633",NA,"191315180",68.65,1522.51666666667,1591.16666666667,4.314,"AIS_bef"
"634",NA,"191321280",43.2833333333333,312.766666666667,356.05,12.157,"AIS_bef"
"635",NA,"191367880",11.4166666666667,23.2833333333333,34.7,32.901,"AIS_bef"
"636",NA,"191376280",45,847.416666666667,892.416666666667,5.042,"AIS_bef"
"637",NA,"191406750",0,1245.51666666667,1245.51666666667,0,"AIS_bef"
"638",NA,"191417650",332.25,1181.11666666667,1513.36666666667,21.954,"AIS_bef"
"639",NA,"191426750",1.36666666666667,462.983333333333,464.35,0.294,"AIS_bef"
"640",NA,"191427280",0,9.26666666666667,9.26666666666667,0,"AIS_bef"
"641",NA,"191433250",0,6.1,6.1,0,"AIS_bef"
"642",NA,"191453050",0,457.683333333333,457.683333333333,0,"AIS_bef"
"643",NA,"191454150",0,495.9,495.9,0,"AIS_bef"
"644",NA,"191462450",0,110.216666666667,110.216666666667,0,"AIS_bef"
"645",NA,"191468050",0,597,597,0,"AIS_bef"
"646",NA,"191493080",2.11666666666667,641.033333333333,643.15,0.329,"AIS_bef"
"647",NA,"191495280",143.983333333333,958.3,1102.28333333333,13.062,"AIS_bef"
"648",NA,"191519550",197.733333333333,1254.26666666667,1452,13.618,"AIS_bef"
"649",NA,"191521750",21.8166666666667,583.2,605.016666666667,3.606,"AIS_bef"
"650",NA,"191524650",0,14.6,14.6,0,"AIS_bef"
"651",NA,"191525980",0,13.2166666666667,13.2166666666667,0,"AIS_bef"
"652",NA,"191545880",0,3.38333333333333,3.38333333333333,0,"AIS_bef"
"653",NA,"191627780",68.1666666666667,406.616666666667,474.783333333333,14.357,"AIS_bef"
"654",NA,"191629080",0,13.9333333333333,13.9333333333333,0,"AIS_bef"
"655",NA,"191660880",27.2,409.75,436.95,6.225,"AIS_bef"
"656",NA,"191661580",0,764.766666666667,764.766666666667,0,"AIS_bef"
"657",NA,"191661680",3.23333333333333,1725.65,1728.88333333333,0.187,"AIS_bef"
"658",NA,"191665080",104.416666666667,1160.13333333333,1264.55,8.257,"AIS_bef"
"659",NA,"191665980",0,35.4833333333333,35.4833333333333,0,"AIS_bef"
"660",NA,"191668380",0,123.2,123.2,0,"AIS_bef"
"661",NA,"191766180",7.61666666666667,25.5666666666667,33.1833333333333,22.953,"AIS_bef"
"662",NA,"191768980",5.65,853.583333333333,859.233333333333,0.658,"AIS_bef"
"663",NA,"191791980",0,726.083333333333,726.083333333333,0,"AIS_bef"
"664",NA,"191817780",0,623.816666666667,623.816666666667,0,"AIS_bef"
"665",NA,"191825280",26.6833333333333,518.116666666667,544.8,4.898,"AIS_bef"
"666",NA,"191825479",0,4.11666666666667,4.11666666666667,0,"AIS_bef"
"667",NA,"191831650",0,376.4,376.4,0,"AIS_bef"
"668",NA,"191842180",0,24.4666666666667,24.4666666666667,0,"AIS_bef"
"669",NA,"191842280",67.6,489.8,557.4,12.128,"AIS_bef"
"670",NA,"191853650",0,677.683333333333,677.683333333333,0,"AIS_bef"
"671",NA,"191854650",8.38333333333333,267.533333333333,275.916666666667,3.038,"AIS_bef"
"672",NA,"191857980",525.816666666667,2788.1,3313.91666666667,15.867,"AIS_bef"
"673",NA,"191860450",21.0833333333333,418.8,439.883333333333,4.793,"AIS_bef"
"674",NA,"191866480",28.95,339.35,368.3,7.86,"AIS_bef"
"675",NA,"191868250",18.2,1178.31666666667,1196.51666666667,1.521,"AIS_bef"
"676",NA,"197599040",0,0.516666666666667,0.516666666666667,0,"AIS_bef"
"677",NA,"199900200",0,766.2,766.2,0,"AIS_bef"
"678",NA,"199900220",0,263.833333333333,263.833333333333,0,"AIS_bef"
"679",NA,"199900370",0,609.433333333333,609.433333333333,0,"AIS_bef"
"680",NA,"199900510",0,634.9,634.9,0,"AIS_bef"
"681",NA,"199900660",0,348.55,348.55,0,"AIS_bef"
"682",NA,"199900770",0,161.916666666667,161.916666666667,0,"AIS_bef"
"683",NA,"199900810",0,645.266666666667,645.266666666667,0,"AIS_bef"
"684",NA,"199900880",0,389.066666666667,389.066666666667,0,"AIS_bef"
"685",NA,"199900930",0,195.8,195.8,0,"AIS_bef"
"686",NA,"199901660",0,346.666666666667,346.666666666667,0,"AIS_bef"
"687",NA,"199915190",0,474.433333333333,474.433333333333,0,"AIS_bef"
"688",NA,"199920150",0,811.55,811.55,0,"AIS_bef"
"689",NA,"199920210",0,298.05,298.05,0,"AIS_bef"
"690",NA,"199920260",0,64.1166666666667,64.1166666666667,0,"AIS_bef"
"691",NA,"199920270",0,1449.88333333333,1449.88333333333,0,"AIS_bef"
"692",NA,"199920480",0,163.883333333333,163.883333333333,0,"AIS_bef"
"693",NA,"199920490",0,1493.76666666667,1493.76666666667,0,"AIS_bef"
"694",NA,"199920520",0,1585.33333333333,1585.33333333333,0,"AIS_bef"
"695",NA,"199920560",0,65.3,65.3,0,"AIS_bef"
"696",NA,"199920600",0,412.35,412.35,0,"AIS_bef"
"697",NA,"199920670",0,44.95,44.95,0,"AIS_bef"
"698",NA,"199920800",0,270.2,270.2,0,"AIS_bef"
"699",NA,"199920870",0,217.283333333333,217.283333333333,0,"AIS_bef"
"700",NA,"199920930",0,532.216666666667,532.216666666667,0,"AIS_bef"
"701",NA,"199920980",0,279.7,279.7,0,"AIS_bef"
"702",NA,"199921020",0,808.783333333333,808.783333333333,0,"AIS_bef"
"703",NA,"199921030",0,352.233333333333,352.233333333333,0,"AIS_bef"
"704",NA,"199921060",0,655.466666666667,655.466666666667,0,"AIS_bef"
"705",NA,"199921070",0,947.1,947.1,0,"AIS_bef"
"706",NA,"199921080",0,7.53333333333333,7.53333333333333,0,"AIS_bef"
"707",NA,"199921120",0,773.95,773.95,0,"AIS_bef"
"708",NA,"199921190",0,886.583333333333,886.583333333333,0,"AIS_bef"
"709",NA,"199921230",0,751.283333333333,751.283333333333,0,"AIS_bef"
"710",NA,"199921250",0,1047.68333333333,1047.68333333333,0,"AIS_bef"
"711",NA,"199921260",0,739.416666666667,739.416666666667,0,"AIS_bef"
"712",NA,"199921270",0,656.15,656.15,0,"AIS_bef"
"713",NA,"199921450",0,355.066666666667,355.066666666667,0,"AIS_bef"
"714",NA,"199921490",0,797.716666666667,797.716666666667,0,"AIS_bef"
"715",NA,"199921510",0,1220.76666666667,1220.76666666667,0,"AIS_bef"
"716",NA,"199921590",0,273.05,273.05,0,"AIS_bef"
"717",NA,"199921600",0,212.05,212.05,0,"AIS_bef"
"718",NA,"199921770",0,1552.85,1552.85,0,"AIS_bef"
"719",NA,"199921780",0,983.266666666667,983.266666666667,0,"AIS_bef"
"720",NA,"199921830",0,570.316666666667,570.316666666667,0,"AIS_bef"
"721",NA,"199921870",0,129.766666666667,129.766666666667,0,"AIS_bef"
"722",NA,"199921880",0,119.8,119.8,0,"AIS_bef"
"723",NA,"199921900",0,415.916666666667,415.916666666667,0,"AIS_bef"
"724",NA,"199921960",0,45.4833333333333,45.4833333333333,0,"AIS_bef"
"725",NA,"199921970",0,118.683333333333,118.683333333333,0,"AIS_bef"
"726",NA,"199922020",0,658.933333333333,658.933333333333,0,"AIS_bef"
"727",NA,"199922370",0,92.5666666666667,92.5666666666667,0,"AIS_bef"
"728",NA,"199922480",0,1667.68333333333,1667.68333333333,0,"AIS_bef"
"729",NA,"199922570",0,755.55,755.55,0,"AIS_bef"
"730",NA,"199922590",0,198.166666666667,198.166666666667,0,"AIS_bef"
"731",NA,"199922610",0,1341.01666666667,1341.01666666667,0,"AIS_bef"
"732",NA,"199922630",0,78.7333333333333,78.7333333333333,0,"AIS_bef"
"733",NA,"199922970",0,462.083333333333,462.083333333333,0,"AIS_bef"
"734",NA,"199923080",0,791.166666666667,791.166666666667,0,"AIS_bef"
"735",NA,"199923100",0,261.466666666667,261.466666666667,0,"AIS_bef"
"736",NA,"199923160",0,187.816666666667,187.816666666667,0,"AIS_bef"
"737",NA,"199923200",0,877.433333333333,877.433333333333,0,"AIS_bef"
"738",NA,"199923410",0,245.566666666667,245.566666666667,0,"AIS_bef"
"739",NA,"199923460",0,259.883333333333,259.883333333333,0,"AIS_bef"
"740",NA,"199923570",0,344.766666666667,344.766666666667,0,"AIS_bef"
"741",NA,"199923580",0,43.8333333333333,43.8333333333333,0,"AIS_bef"
"742",NA,"199923590",0,43.9333333333333,43.9333333333333,0,"AIS_bef"
"743",NA,"199923620",0,422.316666666667,422.316666666667,0,"AIS_bef"
"744",NA,"199923660",0,848.516666666667,848.516666666667,0,"AIS_bef"
"745",NA,"199923720",0,140.8,140.8,0,"AIS_bef"
"746",NA,"199923750",0,907.6,907.6,0,"AIS_bef"
"747",NA,"199923760",0,1236.66666666667,1236.66666666667,0,"AIS_bef"
"748",NA,"199923820",0,485.75,485.75,0,"AIS_bef"
"749",NA,"199923860",0,105.333333333333,105.333333333333,0,"AIS_bef"
"750",NA,"199923950",0,729.483333333333,729.483333333333,0,"AIS_bef"
"751",NA,"199923990",0,209.633333333333,209.633333333333,0,"AIS_bef"
"752",NA,"199924050",0,655.566666666667,655.566666666667,0,"AIS_bef"
"753",NA,"199924070",0,211.633333333333,211.633333333333,0,"AIS_bef"
"754",NA,"199924080",0,240.266666666667,240.266666666667,0,"AIS_bef"
"755",NA,"199924120",0,196.3,196.3,0,"AIS_bef"
"756",NA,"199924130",0,201.483333333333,201.483333333333,0,"AIS_bef"
"757",NA,"199924160",0,175.016666666667,175.016666666667,0,"AIS_bef"
"758",NA,"199924170",0,238.216666666667,238.216666666667,0,"AIS_bef"
"759",NA,"199924210",0,247.483333333333,247.483333333333,0,"AIS_bef"
"760",NA,"199924480",0,403.516666666667,403.516666666667,0,"AIS_bef"
"761",NA,"199924490",0,145.95,145.95,0,"AIS_bef"
"762",NA,"199924690",0,1838,1838,0,"AIS_bef"
"763",NA,"199924780",0,425.816666666667,425.816666666667,0,"AIS_bef"
"764",NA,"199924790",0,324.5,324.5,0,"AIS_bef"
"765",NA,"199925060",0,208.233333333333,208.233333333333,0,"AIS_bef"
"766",NA,"199925070",0,171.216666666667,171.216666666667,0,"AIS_bef"
"767",NA,"199925580",0,1508.8,1508.8,0,"AIS_bef"
"768",NA,"199925610",0,151.45,151.45,0,"AIS_bef"
"769",NA,"199926650",0,64.7,64.7,0,"AIS_bef"
"770",NA,"199926660",0,55.05,55.05,0,"AIS_bef"
"771",NA,"199932180",292.583333333333,183.5,476.083333333333,61.456,"AIS_bef"
"772",NA,"199935680",0,806.916666666667,806.916666666667,0,"AIS_bef"
"773",NA,"199935750",94.4333333333333,401.3,495.733333333333,19.049,"AIS_bef"
"774",NA,"199938120",0,1155.8,1155.8,0,"AIS_bef"
"775",NA,"199940270",0,115.55,115.55,0,"AIS_bef"
"776",NA,"199940570",0,687.183333333333,687.183333333333,0,"AIS_bef"
"777",NA,"199940580",0,221.35,221.35,0,"AIS_bef"
"778",NA,"199940630",0,206.483333333333,206.483333333333,0,"AIS_bef"
"779",NA,"199940650",0,177.8,177.8,0,"AIS_bef"
"780",NA,"199940680",0,822.083333333333,822.083333333333,0,"AIS_bef"
"781",NA,"199940690",0,316.05,316.05,0,"AIS_bef"
"782",NA,"199940700",0,718.166666666667,718.166666666667,0,"AIS_bef"
"783",NA,"199940710",0,394.083333333333,394.083333333333,0,"AIS_bef"
"784",NA,"199940750",0,757.566666666667,757.566666666667,0,"AIS_bef"
"785",NA,"199940780",0,146.6,146.6,0,"AIS_bef"
"786",NA,"199940820",0,432.2,432.2,0,"AIS_bef"
"787",NA,"199940880",0,28.75,28.75,0,"AIS_bef"
"788",NA,"199940890",0,615.183333333333,615.183333333333,0,"AIS_bef"
"789",NA,"199940920",0,658.333333333333,658.333333333333,0,"AIS_bef"
"790",NA,"199940930",0,187.033333333333,187.033333333333,0,"AIS_bef"
"791",NA,"199941000",0,385.533333333333,385.533333333333,0,"AIS_bef"
"792",NA,"199941010",0,48.9,48.9,0,"AIS_bef"
"793",NA,"199941050",0,341.383333333333,341.383333333333,0,"AIS_bef"
"794",NA,"199941060",0,1202.65,1202.65,0,"AIS_bef"
"795",NA,"199941090",0,22.0166666666667,22.0166666666667,0,"AIS_bef"
"796",NA,"199941100",0,68.2333333333333,68.2333333333333,0,"AIS_bef"
"797",NA,"199941160",0,205.133333333333,205.133333333333,0,"AIS_bef"
"798",NA,"199941210",0,759.916666666667,759.916666666667,0,"AIS_bef"
"799",NA,"199941420",0,115.85,115.85,0,"AIS_bef"
"800",NA,"199941460",0,185.933333333333,185.933333333333,0,"AIS_bef"
"801",NA,"199941930",0,283.233333333333,283.233333333333,0,"AIS_bef"
"802",NA,"199941970",0,351.366666666667,351.366666666667,0,"AIS_bef"
"803",NA,"199941980",0,600.283333333333,600.283333333333,0,"AIS_bef"
"804",NA,"199942010",0,427.883333333333,427.883333333333,0,"AIS_bef"
"805",NA,"199942390",0,0.416666666666667,0.416666666666667,0,"AIS_bef"
"806",NA,"199942420",0,24.3833333333333,24.3833333333333,0,"AIS_bef"
"807",NA,"199942720",0,32.05,32.05,0,"AIS_bef"
"808",NA,"199942760",0,263.416666666667,263.416666666667,0,"AIS_bef"
"809",NA,"199942780",0,114.966666666667,114.966666666667,0,"AIS_bef"
"810",NA,"199942790",0,462.816666666667,462.816666666667,0,"AIS_bef"
"811",NA,"199942810",0,283.333333333333,283.333333333333,0,"AIS_bef"
"812",NA,"199942850",0,129.083333333333,129.083333333333,0,"AIS_bef"
"813",NA,"199942860",1.51666666666667,1579.1,1580.61666666667,0.096,"AIS_bef"
"814",NA,"199942880",0,243.283333333333,243.283333333333,0,"AIS_bef"
"815",NA,"199942890",0,566.75,566.75,0,"AIS_bef"
"816",NA,"199943100",0,1276.51666666667,1276.51666666667,0,"AIS_bef"
"817",NA,"199943130",0,42.7833333333333,42.7833333333333,0,"AIS_bef"
"818",NA,"199943550",0,622.883333333333,622.883333333333,0,"AIS_bef"
"819",NA,"199943610",0,143.6,143.6,0,"AIS_bef"
"820",NA,"199944250",0,94.0666666666667,94.0666666666667,0,"AIS_bef"
"821",NA,"199944300",0,1024,1024,0,"AIS_bef"
"822",NA,"199944460",0,198.466666666667,198.466666666667,0,"AIS_bef"
"823",NA,"199944670",0,29.0666666666667,29.0666666666667,0,"AIS_bef"
"824",NA,"199944680",0,49.55,49.55,0,"AIS_bef"
"825",NA,"199944720",0,311.033333333333,311.033333333333,0,"AIS_bef"
"826",NA,"199944880",0,2.11666666666667,2.11666666666667,0,"AIS_bef"
"827",NA,"199945050",0,414.75,414.75,0,"AIS_bef"
"828",NA,"199946050",0.666666666666667,994.033333333333,994.7,0.067,"AIS_bef"
"829",NA,"199946360",3.56666666666667,272.8,276.366666666667,1.291,"AIS_bef"
"830",NA,"199946500",0,131.983333333333,131.983333333333,0,"AIS_bef"
"831",NA,"199946660",261.933333333333,200.383333333333,462.316666666667,56.657,"AIS_bef"
"832",NA,"199946900",0,546.833333333333,546.833333333333,0,"AIS_bef"
"833",NA,"199947230",0,176.716666666667,176.716666666667,0,"AIS_bef"
"834",NA,"199947290",0,122.166666666667,122.166666666667,0,"AIS_bef"
"835",NA,"199947320",0,540.016666666667,540.016666666667,0,"AIS_bef"
"836",NA,"199948010",0,400.7,400.7,0,"AIS_bef"
"837",NA,"199949090",0,566.4,566.4,0,"AIS_bef"
"838",NA,"199950280",166.583333333333,1059.28333333333,1225.86666666667,13.589,"AIS_bef"
"839",NA,"199950310",705.05,519.433333333333,1224.48333333333,57.579,"AIS_bef"
"840",NA,"199950330",739.616666666667,885.283333333333,1624.9,45.518,"AIS_bef"
"841",NA,"199950370",0,2.73333333333333,2.73333333333333,0,"AIS_bef"
"842",NA,"199950450",0,141.95,141.95,0,"AIS_bef"
"843",NA,"199950460",274.45,205.55,480,57.177,"AIS_bef"
"844",NA,"199950570",0,532.566666666667,532.566666666667,0,"AIS_bef"
"845",NA,"199950690",194.516666666667,148.533333333333,343.05,56.702,"AIS_bef"
"846",NA,"199950790",45.35,934.4,979.75,4.629,"AIS_bef"
"847",NA,"199950820",0,1329,1329,0,"AIS_bef"
"848",NA,"199950850",0,846.5,846.5,0,"AIS_bef"
"849",NA,"199950860",0,1500.23333333333,1500.23333333333,0,"AIS_bef"
"850",NA,"199950880",0,1341.66666666667,1341.66666666667,0,"AIS_bef"
"851",NA,"199950890",0,995.05,995.05,0,"AIS_bef"
"852",NA,"199950930",0,1463.93333333333,1463.93333333333,0,"AIS_bef"
"853",NA,"199950950",0,778.416666666667,778.416666666667,0,"AIS_bef"
"854",NA,"199951000",0,1421.53333333333,1421.53333333333,0,"AIS_bef"
"855",NA,"199951010",0,1704.01666666667,1704.01666666667,0,"AIS_bef"
"856",NA,"199951060",127.183333333333,592.583333333333,719.766666666667,17.67,"AIS_bef"
"857",NA,"199951090",0,498.266666666667,498.266666666667,0,"AIS_bef"
"858",NA,"199951130",0,2.3,2.3,0,"AIS_bef"
"859",NA,"199951190",0,684.566666666667,684.566666666667,0,"AIS_bef"
"860",NA,"199951210",0,1385.2,1385.2,0,"AIS_bef"
"861",NA,"199951220",0,212.566666666667,212.566666666667,0,"AIS_bef"
"862",NA,"199951230",0,337.1,337.1,0,"AIS_bef"
"863",NA,"199951260",0,1060.8,1060.8,0,"AIS_bef"
"864",NA,"199951280",0,787.616666666667,787.616666666667,0,"AIS_bef"
"865",NA,"199951290",0,1416.2,1416.2,0,"AIS_bef"
"866",NA,"199951300",0,1333.65,1333.65,0,"AIS_bef"
"867",NA,"199951310",0,1215.13333333333,1215.13333333333,0,"AIS_bef"
"868",NA,"199951330",0,661.183333333333,661.183333333333,0,"AIS_bef"
"869",NA,"199951410",0,1057.85,1057.85,0,"AIS_bef"
"870",NA,"199951420",0,802.95,802.95,0,"AIS_bef"
"871",NA,"199951430",0.266666666666667,290.333333333333,290.6,0.092,"AIS_bef"
"872",NA,"199951470",0,295,295,0,"AIS_bef"
"873",NA,"199951480",3.66666666666667,1154.71666666667,1158.38333333333,0.317,"AIS_bef"
"874",NA,"199951510",0,873.916666666667,873.916666666667,0,"AIS_bef"
"875",NA,"199951530",0,1061.01666666667,1061.01666666667,0,"AIS_bef"
"876",NA,"199951550",0,700.55,700.55,0,"AIS_bef"
"877",NA,"199951580",0,1198.68333333333,1198.68333333333,0,"AIS_bef"
"878",NA,"199951590",0,831.6,831.6,0,"AIS_bef"
"879",NA,"199951600",1.03333333333333,1100.3,1101.33333333333,0.094,"AIS_bef"
"880",NA,"199951610",0,1637.33333333333,1637.33333333333,0,"AIS_bef"
"881",NA,"199951620",0,1332.16666666667,1332.16666666667,0,"AIS_bef"
"882",NA,"199951630",0,1377.73333333333,1377.73333333333,0,"AIS_bef"
"883",NA,"199951650",0,1487.75,1487.75,0,"AIS_bef"
"884",NA,"199951690",0,93.95,93.95,0,"AIS_bef"
"885",NA,"199951710",0,1405.48333333333,1405.48333333333,0,"AIS_bef"
"886",NA,"199951720",0,1830.71666666667,1830.71666666667,0,"AIS_bef"
"887",NA,"199951730",0,142.416666666667,142.416666666667,0,"AIS_bef"
"888",NA,"199951750",0,1420.65,1420.65,0,"AIS_bef"
"889",NA,"199951760",0,1131.5,1131.5,0,"AIS_bef"
"890",NA,"199951780",0,1237.65,1237.65,0,"AIS_bef"
"891",NA,"199951970",0,477.616666666667,477.616666666667,0,"AIS_bef"
"892",NA,"199952020",0,64.7166666666667,64.7166666666667,0,"AIS_bef"
"893",NA,"199952030",0,396.633333333333,396.633333333333,0,"AIS_bef"
"894",NA,"199952070",0,69.9166666666667,69.9166666666667,0,"AIS_bef"
"895",NA,"199952330",28.0333333333333,754.533333333333,782.566666666667,3.582,"AIS_bef"
"896",NA,"199952360",0,1210.28333333333,1210.28333333333,0,"AIS_bef"
"897",NA,"199952560",0,132.633333333333,132.633333333333,0,"AIS_bef"
"898",NA,"199952600",0,460.883333333333,460.883333333333,0,"AIS_bef"
"899",NA,"199953100",0,1810.1,1810.1,0,"AIS_bef"
"900",NA,"199953110",0,974.616666666667,974.616666666667,0,"AIS_bef"
"901",NA,"199953180",0,1104.61666666667,1104.61666666667,0,"AIS_bef"
"902",NA,"199953210",0,1416.66666666667,1416.66666666667,0,"AIS_bef"
"903",NA,"199953220",0,1434.73333333333,1434.73333333333,0,"AIS_bef"
"904",NA,"199953230",0,1671.61666666667,1671.61666666667,0,"AIS_bef"
"905",NA,"199953260",0,574.816666666667,574.816666666667,0,"AIS_bef"
"906",NA,"199953270",0,1087.3,1087.3,0,"AIS_bef"
"907",NA,"199953280",0,1329.28333333333,1329.28333333333,0,"AIS_bef"
"908",NA,"199953290",0,1287.51666666667,1287.51666666667,0,"AIS_bef"
"909",NA,"199953300",0,59.75,59.75,0,"AIS_bef"
"910",NA,"199953320",0,1027.23333333333,1027.23333333333,0,"AIS_bef"
"911",NA,"199953360",0,41.6833333333333,41.6833333333333,0,"AIS_bef"
"912",NA,"199953420",0,199.416666666667,199.416666666667,0,"AIS_bef"
"913",NA,"199953430",0,1138.21666666667,1138.21666666667,0,"AIS_bef"
"914",NA,"199953450",0,279.4,279.4,0,"AIS_bef"
"915",NA,"199953460",0,86.1166666666667,86.1166666666667,0,"AIS_bef"
"916",NA,"199953480",0,170.05,170.05,0,"AIS_bef"
"917",NA,"199953490",0,1170.81666666667,1170.81666666667,0,"AIS_bef"
"918",NA,"199953500",0,1028.21666666667,1028.21666666667,0,"AIS_bef"
"919",NA,"199953510",0,1644.21666666667,1644.21666666667,0,"AIS_bef"
"920",NA,"199953520",0,1295.13333333333,1295.13333333333,0,"AIS_bef"
"921",NA,"199953530",0,51.5,51.5,0,"AIS_bef"
"922",NA,"199953560",280.733333333333,736.833333333333,1017.56666666667,27.589,"AIS_bef"
"923",NA,"199953570",0,126.466666666667,126.466666666667,0,"AIS_bef"
"924",NA,"199953580",0,64.1,64.1,0,"AIS_bef"
"925",NA,"199953590",0,119.633333333333,119.633333333333,0,"AIS_bef"
"926",NA,"199953600",0,550.4,550.4,0,"AIS_bef"
"927",NA,"199953670",0,146.133333333333,146.133333333333,0,"AIS_bef"
"928",NA,"199953930",115.866666666667,579.15,695.016666666667,16.671,"AIS_bef"
"929",NA,"199953960",0,1067.58333333333,1067.58333333333,0,"AIS_bef"
"930",NA,"199954000",0,272.35,272.35,0,"AIS_bef"
"931",NA,"199954080",0,850.05,850.05,0,"AIS_bef"
"932",NA,"199954110",248.816666666667,972.216666666667,1221.03333333333,20.378,"AIS_bef"
"933",NA,"199954330",0,1274.85,1274.85,0,"AIS_bef"
"934",NA,"199954420",0,1066.73333333333,1066.73333333333,0,"AIS_bef"
"935",NA,"199954510",0,941.916666666667,941.916666666667,0,"AIS_bef"
"936",NA,"199954560",0,243.616666666667,243.616666666667,0,"AIS_bef"
"937",NA,"199954710",0,48.3166666666667,48.3166666666667,0,"AIS_bef"
"938",NA,"199954770",3.06666666666667,599.666666666667,602.733333333333,0.509,"AIS_bef"
"939",NA,"199954830",0,960.766666666667,960.766666666667,0,"AIS_bef"
"940",NA,"199955380",48.2,121.4,169.6,28.42,"AIS_bef"
"941",NA,"199955400",0,8.81666666666667,8.81666666666667,0,"AIS_bef"
"942",NA,"199955720",0,1880.83333333333,1880.83333333333,0,"AIS_bef"
"943",NA,"199955810",0,928.5,928.5,0,"AIS_bef"
"944",NA,"199955900",0,1048.95,1048.95,0,"AIS_bef"
"945",NA,"199956030",0,301.233333333333,301.233333333333,0,"AIS_bef"
"946",NA,"199956320",15.7666666666667,514.016666666667,529.783333333333,2.976,"AIS_bef"
"947",NA,"199956610",0,144.816666666667,144.816666666667,0,"AIS_bef"
"948",NA,"199956630",63.4333333333333,324.65,388.083333333333,16.345,"AIS_bef"
"949",NA,"199956900",0,212.316666666667,212.316666666667,0,"AIS_bef"
"950",NA,"199957020",41.6166666666667,980.816666666667,1022.43333333333,4.07,"AIS_bef"
"951",NA,"199957060",0,1543.46666666667,1543.46666666667,0,"AIS_bef"
"952",NA,"199957150",0,660.85,660.85,0,"AIS_bef"
"953",NA,"199957300",0,790.833333333333,790.833333333333,0,"AIS_bef"
"954",NA,"199957550",0,681.3,681.3,0,"AIS_bef"
"955",NA,"199957580",0,1573.66666666667,1573.66666666667,0,"AIS_bef"
"956",NA,"199957690",26.45,386.816666666667,413.266666666667,6.4,"AIS_bef"
"957",NA,"199957980",0,1408.41666666667,1408.41666666667,0,"AIS_bef"
"958",NA,"199958090",0,150.616666666667,150.616666666667,0,"AIS_bef"
"959",NA,"199961170",3.66666666666667,469.016666666667,472.683333333333,0.776,"AIS_bef"
"960",NA,"199970080",0,3.18333333333333,3.18333333333333,0,"AIS_bef"
"961",NA,"199970110",0.516666666666667,68.0666666666667,68.5833333333333,0.753,"AIS_bef"
"962",NA,"199970120",341.883333333333,269.8,611.683333333333,55.892,"AIS_bef"
"963",NA,"199970230",324.133333333333,998.2,1322.33333333333,24.512,"AIS_bef"
"964",NA,"199970290",979.35,906.4,1885.75,51.934,"AIS_bef"
"965",NA,"199970300",294.783333333333,228.366666666667,523.15,56.348,"AIS_bef"
"966",NA,"199970310",258.55,957.933333333333,1216.48333333333,21.254,"AIS_bef"
"967",NA,"199970330",9.88333333333333,1683.55,1693.43333333333,0.584,"AIS_bef"
"968",NA,"199970360",0,375.116666666667,375.116666666667,0,"AIS_bef"
"969",NA,"199970370",19.2166666666667,298.883333333333,318.1,6.041,"AIS_bef"
"970",NA,"199970390",0,124.966666666667,124.966666666667,0,"AIS_bef"
"971",NA,"199970400",0.816666666666667,101.916666666667,102.733333333333,0.795,"AIS_bef"
"972",NA,"199970460",109.816666666667,1445.23333333333,1555.05,7.062,"AIS_bef"
"973",NA,"199970470",0,1990.2,1990.2,0,"AIS_bef"
"974",NA,"199970490",110.8,832.183333333333,942.983333333333,11.75,"AIS_bef"
"975",NA,"199970530",1.95,1164.71666666667,1166.66666666667,0.167,"AIS_bef"
"976",NA,"199970550",0,22.1,22.1,0,"AIS_bef"
"977",NA,"199970570",2.9,1798.46666666667,1801.36666666667,0.161,"AIS_bef"
"978",NA,"199970580",15.6166666666667,426.666666666667,442.283333333333,3.531,"AIS_bef"
"979",NA,"199970590",0,192.333333333333,192.333333333333,0,"AIS_bef"
"980",NA,"199970610",1.91666666666667,873.316666666667,875.233333333333,0.219,"AIS_bef"
"981",NA,"199970620",177.65,1270.36666666667,1448.01666666667,12.269,"AIS_bef"
"982",NA,"199970630",0,1117.85,1117.85,0,"AIS_bef"
"983",NA,"199970660",0,97.6,97.6,0,"AIS_bef"
"984",NA,"199970700",8.26666666666667,774.916666666667,783.183333333333,1.056,"AIS_bef"
"985",NA,"199970720",7.6,1466.31666666667,1473.91666666667,0.516,"AIS_bef"
"986",NA,"199970780",0.55,169.616666666667,170.166666666667,0.323,"AIS_bef"
"987",NA,"199970820",469.9,868.5,1338.4,35.109,"AIS_bef"
"988",NA,"199970830",41.4166666666667,554.533333333333,595.95,6.95,"AIS_bef"
"989",NA,"199970950",1.71666666666667,1123.65,1125.36666666667,0.153,"AIS_bef"
"990",NA,"199970960",29.95,1037.9,1067.85,2.805,"AIS_bef"
"991",NA,"199971180",2.83333333333333,151.116666666667,153.95,1.84,"AIS_bef"
"992",NA,"199971210",7.58333333333333,87.8333333333333,95.4166666666667,7.948,"AIS_bef"
"993",NA,"199971290",0,497.833333333333,497.833333333333,0,"AIS_bef"
"994",NA,"199971310",0,216.866666666667,216.866666666667,0,"AIS_bef"
"995",NA,"199971350",0,926.533333333333,926.533333333333,0,"AIS_bef"
"996",NA,"199971360",4.95,917.883333333333,922.833333333333,0.536,"AIS_bef"
"997",NA,"199971380",7.8,326.216666666667,334.016666666667,2.335,"AIS_bef"
"998",NA,"199971410",0,940.783333333333,940.783333333333,0,"AIS_bef"
"999",NA,"199971480",47.55,97,144.55,32.895,"AIS_bef"
"1000",NA,"199971530",751.166666666667,607.833333333333,1359,55.273,"AIS_bef"
"1001",NA,"199971550",139.7,205.7,345.4,40.446,"AIS_bef"
"1002",NA,"199971560",0,1062.1,1062.1,0,"AIS_bef"
"1003",NA,"199971580",9.31666666666667,614.916666666667,624.233333333333,1.492,"AIS_bef"
"1004",NA,"199971630",0,497.583333333333,497.583333333333,0,"AIS_bef"
"1005",NA,"199971650",66.85,1219.3,1286.15,5.198,"AIS_bef"
"1006",NA,"199971670",6.61666666666667,1238.56666666667,1245.18333333333,0.531,"AIS_bef"
"1007",NA,"199972060",572.066666666667,691.266666666667,1263.33333333333,45.282,"AIS_bef"
"1008",NA,"199972110",174.433333333333,1098.33333333333,1272.76666666667,13.705,"AIS_bef"
"1009",NA,"199972220",39.85,1467,1506.85,2.645,"AIS_bef"
"1010",NA,"199972230",0,1430.03333333333,1430.03333333333,0,"AIS_bef"
"1011",NA,"199972250",64.6166666666667,1337.9,1402.51666666667,4.607,"AIS_bef"
"1012",NA,"199972280",168.066666666667,782.766666666667,950.833333333333,17.676,"AIS_bef"
"1013",NA,"199972420",0,1477.1,1477.1,0,"AIS_bef"
"1014",NA,"199972450",663.366666666667,313.633333333333,977,67.898,"AIS_bef"
"1015",NA,"199972530",14.4666666666667,1084.88333333333,1099.35,1.316,"AIS_bef"
"1016",NA,"199972600",2.03333333333333,934.416666666667,936.45,0.217,"AIS_bef"
"1017",NA,"199972760",3.85,1436.2,1440.05,0.267,"AIS_bef"
"1018",NA,"199972770",0,1551.68333333333,1551.68333333333,0,"AIS_bef"
"1019",NA,"199972790",0,341.583333333333,341.583333333333,0,"AIS_bef"
"1020",NA,"199972850",23.3166666666667,1502.96666666667,1526.28333333333,1.528,"AIS_bef"
"1021",NA,"199972890",0,128.266666666667,128.266666666667,0,"AIS_bef"
"1022",NA,"199973060",0,45.35,45.35,0,"AIS_bef"
"1023",NA,"199973080",141.716666666667,1585,1726.71666666667,8.207,"AIS_bef"
"1024",NA,"199973100",0,39.15,39.15,0,"AIS_bef"
"1025",NA,"199973170",0,1432.1,1432.1,0,"AIS_bef"
"1026",NA,"199973260",0,97.9166666666667,97.9166666666667,0,"AIS_bef"
"1027",NA,"199973470",148.5,681.966666666667,830.466666666667,17.882,"AIS_bef"
"1028",NA,"199973790",0,984.95,984.95,0,"AIS_bef"
"1029",NA,"199974100",82.55,133.133333333333,215.683333333333,38.274,"AIS_bef"
"1030",NA,"199974200",625.966666666667,894.916666666667,1520.88333333333,41.158,"AIS_bef"
"1031",NA,"199974300",18.05,645.116666666667,663.166666666667,2.722,"AIS_bef"
"1032",NA,"199981110",211.533333333333,316.883333333333,528.416666666667,40.032,"AIS_bef"
"1033",NA,"199981520",2.76666666666667,768.95,771.716666666667,0.359,"AIS_bef"
"1034",NA,"199983980",0,6.91666666666667,6.91666666666667,0,"AIS_bef"
"1035",NA,"199989130",0,109.483333333333,109.483333333333,0,"AIS_bef"
"1036",NA,"199990280",2.71666666666667,75.4166666666667,78.1333333333333,3.477,"AIS_bef"
"1037",NA,"199990290",0,309.65,309.65,0,"AIS_bef"
"1038",NA,"199990350",0,678.25,678.25,0,"AIS_bef"
"1039",NA,"199990410",0,39.4833333333333,39.4833333333333,0,"AIS_bef"
"1040",NA,"199990430",4.01666666666667,112.45,116.466666666667,3.449,"AIS_bef"
"1041",NA,"199990470",0,1738.51666666667,1738.51666666667,0,"AIS_bef"
"1042",NA,"199990480",0,23.2666666666667,23.2666666666667,0,"AIS_bef"
"1043",NA,"199990510",15.3666666666667,107.083333333333,122.45,12.549,"AIS_bef"
"1044",NA,"199990520",5.88333333333333,22.55,28.4333333333333,20.692,"AIS_bef"
"1045",NA,"199990530",5.43333333333333,62.6166666666667,68.05,7.984,"AIS_bef"
"1046",NA,"199990540",0,213.066666666667,213.066666666667,0,"AIS_bef"
"1047",NA,"199990590",0,1455.96666666667,1455.96666666667,0,"AIS_bef"
"1048",NA,"199990600",2.23333333333333,120.283333333333,122.516666666667,1.823,"AIS_bef"
"1049",NA,"199990610",0,126,126,0,"AIS_bef"
"1050",NA,"199990642",0,1519.05,1519.05,0,"AIS_bef"
"1051",NA,"199990710",6.26666666666667,88.3,94.5666666666667,6.627,"AIS_bef"
"1052",NA,"199990750",0,41.2666666666667,41.2666666666667,0,"AIS_bef"
"1053",NA,"199990800",2.45,141.616666666667,144.066666666667,1.701,"AIS_bef"
"1054",NA,"199990890",0,84.8666666666667,84.8666666666667,0,"AIS_bef"
"1055",NA,"199990900",0,149.75,149.75,0,"AIS_bef"
"1056",NA,"199990910",0,7.5,7.5,0,"AIS_bef"
"1057",NA,"199990950",0,23,23,0,"AIS_bef"
"1058",NA,"199991000",0,4.43333333333333,4.43333333333333,0,"AIS_bef"
"1059",NA,"199991010",57.3666666666667,91.5,148.866666666667,38.536,"AIS_bef"
"1060",NA,"199991020",6.76666666666667,106.516666666667,113.283333333333,5.973,"AIS_bef"
"1061",NA,"199991050",0,1395.08333333333,1395.08333333333,0,"AIS_bef"
"1062",NA,"199991060",0,1422.8,1422.8,0,"AIS_bef"
"1063",NA,"199991120",3,223.633333333333,226.633333333333,1.324,"AIS_bef"
"1064",NA,"199991130",0.75,62.7,63.45,1.182,"AIS_bef"
"1065",NA,"199991150",0,887.616666666667,887.616666666667,0,"AIS_bef"
"1066",NA,"199991160",0,728.916666666667,728.916666666667,0,"AIS_bef"
"1067",NA,"199991190",0,413.183333333333,413.183333333333,0,"AIS_bef"
"1068",NA,"199991200",5.98333333333333,175.666666666667,181.65,3.294,"AIS_bef"
"1069",NA,"199991210",15.7666666666667,66.7666666666667,82.5333333333333,19.103,"AIS_bef"
"1070",NA,"199991220",4.58333333333333,101.05,105.633333333333,4.339,"AIS_bef"
"1071",NA,"199991230",1.88333333333333,114.533333333333,116.416666666667,1.618,"AIS_bef"
"1072",NA,"199991250",7.45,155.35,162.8,4.576,"AIS_bef"
"1073",NA,"199991260",2.5,141.15,143.65,1.74,"AIS_bef"
"1074",NA,"199991280",66.7833333333333,679.116666666667,745.9,8.953,"AIS_bef"
"1075",NA,"199991290",0,222.066666666667,222.066666666667,0,"AIS_bef"
"1076",NA,"199991300",2.71666666666667,77.2,79.9166666666667,3.399,"AIS_bef"
"1077",NA,"199991310",0,1969.26666666667,1969.26666666667,0,"AIS_bef"
"1078",NA,"199991320",0.283333333333333,123.8,124.083333333333,0.228,"AIS_bef"
"1079",NA,"199991330",0.516666666666667,131.9,132.416666666667,0.39,"AIS_bef"
"1080",NA,"199991350",0,52.3666666666667,52.3666666666667,0,"AIS_bef"
"1081",NA,"199991380",0,8.05,8.05,0,"AIS_bef"
"1082",NA,"199991460",0,1.53333333333333,1.53333333333333,0,"AIS_bef"
"1083",NA,"199991480",1.16666666666667,77.1166666666667,78.2833333333333,1.49,"AIS_bef"
"1084",NA,"199991570",0,499.416666666667,499.416666666667,0,"AIS_bef"
"1085",NA,"199991580",0,454.25,454.25,0,"AIS_bef"
"1086",NA,"199991630",0,1366.78333333333,1366.78333333333,0,"AIS_bef"
"1087",NA,"199991680",0,1351.45,1351.45,0,"AIS_bef"
"1088",NA,"199991700",0,910.433333333333,910.433333333333,0,"AIS_bef"
"1089",NA,"199991750",0,1580.33333333333,1580.33333333333,0,"AIS_bef"
"1090",NA,"199991760",0,1217.46666666667,1217.46666666667,0,"AIS_bef"
"1091",NA,"199991770",0,1457.11666666667,1457.11666666667,0,"AIS_bef"
"1092",NA,"199991830",0,1622.5,1622.5,0,"AIS_bef"
"1093",NA,"199991850",0,778.95,778.95,0,"AIS_bef"
"1094",NA,"199991860",0,534.183333333333,534.183333333333,0,"AIS_bef"
"1095",NA,"199991960",2.35,125.4,127.75,1.84,"AIS_bef"
"1096",NA,"199992010",0,1498.18333333333,1498.18333333333,0,"AIS_bef"
"1097",NA,"199992070",0,1501.08333333333,1501.08333333333,0,"AIS_bef"
"1098",NA,"199992080",0,1644.58333333333,1644.58333333333,0,"AIS_bef"
"1099",NA,"199992120",1.36666666666667,113.966666666667,115.333333333333,1.185,"AIS_bef"
"1100",NA,"199992150",0,1216.48333333333,1216.48333333333,0,"AIS_bef"
"1101",NA,"199992170",0,1095.8,1095.8,0,"AIS_bef"
"1102",NA,"199992190",0,1.48333333333333,1.48333333333333,0,"AIS_bef"
"1103",NA,"199992220",0,663.683333333333,663.683333333333,0,"AIS_bef"
"1104",NA,"199992230",0,457.25,457.25,0,"AIS_bef"
"1105",NA,"199992250",0,984.45,984.45,0,"AIS_bef"
"1106",NA,"199992280",0,901.333333333333,901.333333333333,0,"AIS_bef"
"1107",NA,"199992350",0,1363.46666666667,1363.46666666667,0,"AIS_bef"
"1108",NA,"199992360",0,25.35,25.35,0,"AIS_bef"
"1109",NA,"199992370",0,1392.03333333333,1392.03333333333,0,"AIS_bef"
"1110",NA,"199992380",0,16.05,16.05,0,"AIS_bef"
"1111",NA,"199992390",0,1541.66666666667,1541.66666666667,0,"AIS_bef"
"1112",NA,"199992470",2.11666666666667,103.516666666667,105.633333333333,2.004,"AIS_bef"
"1113",NA,"199992490",0,1087.88333333333,1087.88333333333,0,"AIS_bef"
"1114",NA,"199992500",0,936.466666666667,936.466666666667,0,"AIS_bef"
"1115",NA,"199992550",0,96.6833333333333,96.6833333333333,0,"AIS_bef"
"1116",NA,"199992680",0,853.516666666667,853.516666666667,0,"AIS_bef"
"1117",NA,"199992710",0,335.816666666667,335.816666666667,0,"AIS_bef"
"1118",NA,"199992870",0,654.216666666667,654.216666666667,0,"AIS_bef"
"1119",NA,"199992890",0,1268.05,1268.05,0,"AIS_bef"
"1120",NA,"199993060",0,1086.93333333333,1086.93333333333,0,"AIS_bef"
"1121",NA,"199993100",0,724.233333333333,724.233333333333,0,"AIS_bef"
"1122",NA,"199993110",0,596.5,596.5,0,"AIS_bef"
"1123",NA,"199993120",0,0.616666666666667,0.616666666666667,0,"AIS_bef"
"1124",NA,"199993190",10.6666666666667,41.55,52.2166666666667,20.428,"AIS_bef"
"1125",NA,"199993200",0,1648.05,1648.05,0,"AIS_bef"
"1126",NA,"199993330",0,683.433333333333,683.433333333333,0,"AIS_bef"
"1127",NA,"199993530",0,194.733333333333,194.733333333333,0,"AIS_bef"
"1128",NA,"199993570",0,1448.63333333333,1448.63333333333,0,"AIS_bef"
"1129",NA,"199993670",0,1011.11666666667,1011.11666666667,0,"AIS_bef"
"1130",NA,"199993690",0,763.116666666667,763.116666666667,0,"AIS_bef"
"1131",NA,"199993720",0,683.95,683.95,0,"AIS_bef"
"1132",NA,"199993750",0,775.183333333333,775.183333333333,0,"AIS_bef"
"1133",NA,"199993780",0,34.5666666666667,34.5666666666667,0,"AIS_bef"
"1134",NA,"199993920",0,1365.08333333333,1365.08333333333,0,"AIS_bef"
"1135",NA,"199994010",0,1676.56666666667,1676.56666666667,0,"AIS_bef"
"1136",NA,"199994050",0,350.6,350.6,0,"AIS_bef"
"1137",NA,"199994260",0,410.183333333333,410.183333333333,0,"AIS_bef"
"1138",NA,"199994430",0,1436.81666666667,1436.81666666667,0,"AIS_bef"
"1139",NA,"199994550",0,1372.7,1372.7,0,"AIS_bef"
"1140",NA,"199994600",0,898.733333333333,898.733333333333,0,"AIS_bef"
"1141",NA,"199994650",0,1306.11666666667,1306.11666666667,0,"AIS_bef"
"1142",NA,"199994870",0,354.233333333333,354.233333333333,0,"AIS_bef"
"1143",NA,"199995090",18.5833333333333,103.183333333333,121.766666666667,15.261,"AIS_bef"
"1144",NA,"199995380",0,820.9,820.9,0,"AIS_bef"
"1145",NA,"199995420",0,1480.86666666667,1480.86666666667,0,"AIS_bef"
"1146",NA,"199995660",0,1541.23333333333,1541.23333333333,0,"AIS_bef"
"1147",NA,"199995670",0,0.216666666666667,0.216666666666667,0,"AIS_bef"
"1148",NA,"199995680",0,1000.1,1000.1,0,"AIS_bef"
"1149",NA,"199995690",0,862.583333333333,862.583333333333,0,"AIS_bef"
"1150",NA,"199995720",0,1652.95,1652.95,0,"AIS_bef"
"1151",NA,"199995770",0,761,761,0,"AIS_bef"
"1152",NA,"199995860",0,1613.68333333333,1613.68333333333,0,"AIS_bef"
"1153",NA,"199996300",0,1087.43333333333,1087.43333333333,0,"AIS_bef"
"1154",NA,"199996860",0,199.55,199.55,0,"AIS_bef"
"1155",NA,"199996930",0,1026.5,1026.5,0,"AIS_bef"
"1156",NA,"199997160",88.2333333333333,515.983333333333,604.216666666667,14.603,"AIS_bef"
"1157",NA,"199997430",0,1441.25,1441.25,0,"AIS_bef"
"1158",NA,"199997490",0,1418.85,1418.85,0,"AIS_bef"
"1159",NA,"199997930",0,1507.05,1507.05,0,"AIS_bef"
"1160",NA,"199998410",762.933333333333,764.05,1526.98333333333,49.963,"AIS_bef"
"1161",NA,"199998850",0,5.35,5.35,0,"AIS_bef"
"1162",NA,"200000000",14.1333333333333,649.2,663.333333333333,2.131,"AIS_bef"
"1163",NA,"200000790",0,29.8166666666667,29.8166666666667,0,"AIS_bef"
"1164",NA,"200001120",0,1447.36666666667,1447.36666666667,0,"AIS_bef"
"1165",NA,"200015760",0,580.6,580.6,0,"AIS_bef"
"1166",NA,"200016960",12.95,343.1,356.05,3.637,"AIS_bef"
"1167",NA,"200018920",0,81,81,0,"AIS_bef"
"1168",NA,"200020080",17.6666666666667,1283.3,1300.96666666667,1.358,"AIS_bef"
"1169",NA,"200021190",623.666666666667,495.516666666667,1119.18333333333,55.725,"AIS_bef"
"1170",NA,"200021200",174.066666666667,743.5,917.566666666667,18.97,"AIS_bef"
"1171",NA,"200021350",231.7,181.65,413.35,56.054,"AIS_bef"
"1172",NA,"200021850",0,305.466666666667,305.466666666667,0,"AIS_bef"
"1173",NA,"200022550",0,222.683333333333,222.683333333333,0,"AIS_bef"
"1174",NA,"200070380",92.1833333333333,71.3,163.483333333333,56.387,"AIS_bef"
"1175",NA,"200100400",0,16.1833333333333,16.1833333333333,0,"AIS_bef"
"1176",NA,"200102020",0,103.883333333333,103.883333333333,0,"AIS_bef"
"1177",NA,"200102030",0,49.4666666666667,49.4666666666667,0,"AIS_bef"
"1178",NA,"200102050",0,126.883333333333,126.883333333333,0,"AIS_bef"
"1179",NA,"200150320",807.016666666667,493.716666666667,1300.73333333333,62.043,"AIS_bef"
"1180",NA,"200150630",8.33333333333333,157.866666666667,166.2,5.014,"AIS_bef"
"1181",NA,"200150800",0,240.716666666667,240.716666666667,0,"AIS_bef"
"1182",NA,"200150830",0,1710.9,1710.9,0,"AIS_bef"
"1183",NA,"200150980",0,189.783333333333,189.783333333333,0,"AIS_bef"
"1184",NA,"200151280",0,819.733333333333,819.733333333333,0,"AIS_bef"
"1185",NA,"200151330",0,41.9666666666667,41.9666666666667,0,"AIS_bef"
"1186",NA,"200151460",259.75,1328.35,1588.1,16.356,"AIS_bef"
"1187",NA,"200151520",0,5.85,5.85,0,"AIS_bef"
"1188",NA,"200151550",0,24.3333333333333,24.3333333333333,0,"AIS_bef"
"1189",NA,"200151580",1.15,114.133333333333,115.283333333333,0.998,"AIS_bef"
"1190",NA,"200172710",294.716666666667,421.216666666667,715.933333333333,41.165,"AIS_bef"
"1191",NA,"200173430",0,235.85,235.85,0,"AIS_bef"
"1192",NA,"200175110",0,420.766666666667,420.766666666667,0,"AIS_bef"
"1193",NA,"200368040",53.0666666666667,212.233333333333,265.3,20.003,"AIS_bef"
"1194",NA,"218600020",0,0.283333333333333,0.283333333333333,0,"AIS_bef"
"1195",NA,"230965040",0,124.966666666667,124.966666666667,0,"AIS_bef"
"1196",NA,"231396040",0,160.95,160.95,0,"AIS_bef"
