"","YEAR","port_per_trip","region","nation","reserve","fished","total_effort","displacement","dataset"
"1",2014,"ANCONA","marche","ITA",0.733333333333333,28845.9666666667,28846.7,0.003,"AIS_2014"
"2",2014,"ANCONA",NA,NA,0,244.183333333333,244.183333333333,0,"AIS_2014"
"3",2014,"BARI","puglia","ITA",0,244.666666666667,244.666666666667,0,"AIS_2014"
"4",2014,"BARI",NA,NA,4.01666666666667,21.8833333333333,25.9,15.508,"AIS_2014"
"5",2014,"BARLETTA","puglia","ITA",0,558.95,558.95,0,"AIS_2014"
"6",2014,"BARLETTA",NA,NA,0,842.15,842.15,0,"AIS_2014"
"7",2014,"BETINA",NA,"HRV",5.3,15.0166666666667,20.3166666666667,26.087,"AIS_2014"
"8",2014,"BETINA",NA,NA,0.483333333333333,20.4333333333333,20.9166666666667,2.311,"AIS_2014"
"9",2014,"BIOGRAD NA MORU",NA,"HRV",7.26666666666667,69.85,77.1166666666667,9.423,"AIS_2014"
"10",2014,"BIOGRAD NA MORU",NA,NA,0,40.0166666666667,40.0166666666667,0,"AIS_2014"
"11",2014,"BISCEGLIE","puglia","ITA",0,348.05,348.05,0,"AIS_2014"
"12",2014,"BISCEGLIE",NA,NA,0,164.383333333333,164.383333333333,0,"AIS_2014"
"13",2014,"BRINDISI","puglia","ITA",0,3332.33333333333,3332.33333333333,0,"AIS_2014"
"14",2014,"BRINDISI",NA,NA,0.383333333333333,997.55,997.933333333333,0.038,"AIS_2014"
"15",2014,"CAORLE","veneto","ITA",0,3157.06666666667,3157.06666666667,0,"AIS_2014"
"16",2014,"CAORLE",NA,NA,0,878.95,878.95,0,"AIS_2014"
"17",2014,"CAPOIALE","puglia","ITA",0,867.9,867.9,0,"AIS_2014"
"18",2014,"CAPOIALE",NA,NA,0,98.8833333333333,98.8833333333333,0,"AIS_2014"
"19",2014,"CATTOLICA","emilia","ITA",0,923.566666666667,923.566666666667,0,"AIS_2014"
"20",2014,"CATTOLICA",NA,NA,0,238.616666666667,238.616666666667,0,"AIS_2014"
"21",2014,"CESENATICO","emilia","ITA",0,2440.9,2440.9,0,"AIS_2014"
"22",2014,"CESENATICO",NA,NA,0,179.033333333333,179.033333333333,0,"AIS_2014"
"23",2014,"CHIOGGIA","veneto","ITA",0,31329.6333333333,31329.6333333333,0,"AIS_2014"
"24",2014,"CHIOGGIA",NA,NA,0,189.233333333333,189.233333333333,0,"AIS_2014"
"25",2014,"CIVITANOVA MARCHE","marche","ITA",18.8166666666667,28284.9166666667,28303.7333333333,0.066,"AIS_2014"
"26",2014,"CIVITANOVA MARCHE",NA,NA,0,214.316666666667,214.316666666667,0,"AIS_2014"
"27",2014,"DUBROVNIK",NA,"HRV",0,4902.51666666667,4902.51666666667,0,"AIS_2014"
"28",2014,"DUBROVNIK",NA,NA,0,559.583333333333,559.583333333333,0,"AIS_2014"
"29",2014,"DURRES",NA,"ALB",0,0.333333333333333,0.333333333333333,0,"AIS_2014"
"30",2014,"DURRES",NA,NA,0,1.18333333333333,1.18333333333333,0,"AIS_2014"
"31",2014,"FANO","marche","ITA",0,6575.38333333333,6575.38333333333,0,"AIS_2014"
"32",2014,"FANO",NA,NA,0,25.5333333333333,25.5333333333333,0,"AIS_2014"
"33",2014,"GIULIANOVA","abruzzo","ITA",267.1,2944.11666666667,3211.21666666667,8.318,"AIS_2014"
"34",2014,"GIULIANOVA",NA,NA,13.9166666666667,162.833333333333,176.75,7.874,"AIS_2014"
"35",2014,"GORO","veneto","ITA",0,454.35,454.35,0,"AIS_2014"
"36",2014,"GORO",NA,NA,0,21.1166666666667,21.1166666666667,0,"AIS_2014"
"37",2014,"GRADO","friuli","ITA",0,1275.31666666667,1275.31666666667,0,"AIS_2014"
"38",2014,"GRADO",NA,NA,0,0.5,0.5,0,"AIS_2014"
"39",2014,"HVAR",NA,"HRV",0,354.266666666667,354.266666666667,0,"AIS_2014"
"40",2014,"HVAR",NA,NA,0,159.216666666667,159.216666666667,0,"AIS_2014"
"41",2014,"IST",NA,"HRV",0,179.05,179.05,0,"AIS_2014"
"42",2014,"IST",NA,NA,0,40.6833333333333,40.6833333333333,0,"AIS_2014"
"43",2014,"IZOLA",NA,"SVN",0,46.5333333333333,46.5333333333333,0,"AIS_2014"
"44",2014,"KARIGADOR",NA,"HRV",0,861.116666666667,861.116666666667,0,"AIS_2014"
"45",2014,"KOMIZA",NA,"HRV",29.3166666666667,3506.2,3535.51666666667,0.829,"AIS_2014"
"46",2014,"KOMIZA",NA,NA,18.9833333333333,756.9,775.883333333333,2.447,"AIS_2014"
"47",2014,"KOPER",NA,"SVN",0,6.33333333333333,6.33333333333333,0,"AIS_2014"
"48",2014,"LASTOVSKO OTOCJE",NA,"HRV",0,70.8333333333333,70.8333333333333,0,"AIS_2014"
"49",2014,"LOVISTE",NA,"HRV",0,76.1,76.1,0,"AIS_2014"
"50",2014,"MAKARSKA",NA,"HRV",0,57.3,57.3,0,"AIS_2014"
"51",2014,"MAKARSKA",NA,NA,0,5.38333333333333,5.38333333333333,0,"AIS_2014"
"52",2014,"MALI LOSINJ",NA,"HRV",0,952.616666666667,952.616666666667,0,"AIS_2014"
"53",2014,"MALI LOSINJ",NA,NA,0,61.6666666666667,61.6666666666667,0,"AIS_2014"
"54",2014,"MANFREDONIA","puglia","ITA",0,388.7,388.7,0,"AIS_2014"
"55",2014,"MANFREDONIA",NA,NA,0,623.65,623.65,0,"AIS_2014"
"56",2014,"MARANO LAGUNARE","friuli","ITA",0,2144.1,2144.1,0,"AIS_2014"
"57",2014,"MARANO LAGUNARE",NA,NA,0,15.45,15.45,0,"AIS_2014"
"58",2014,"MEDULIN",NA,"HRV",0,118.8,118.8,0,"AIS_2014"
"59",2014,"MOLA DI BARI","puglia","ITA",0,1754.13333333333,1754.13333333333,0,"AIS_2014"
"60",2014,"MOLA DI BARI",NA,NA,0,207.783333333333,207.783333333333,0,"AIS_2014"
"61",2014,"MOLFETTA","puglia","ITA",1.23333333333333,3248.95,3250.18333333333,0.038,"AIS_2014"
"62",2014,"MOLFETTA",NA,NA,0,3504.65,3504.65,0,"AIS_2014"
"63",2014,"MOLUNAT",NA,"HRV",0,247.283333333333,247.283333333333,0,"AIS_2014"
"64",2014,"MONOPOLI","puglia","ITA",0,2758.46666666667,2758.46666666667,0,"AIS_2014"
"65",2014,"MONOPOLI",NA,NA,0,164.5,164.5,0,"AIS_2014"
"66",2014,"MURTER",NA,"HRV",0,27.7666666666667,27.7666666666667,0,"AIS_2014"
"67",2014,"MURTER",NA,NA,0.866666666666667,3.23333333333333,4.1,21.138,"AIS_2014"
"68",2014,"NOVIGRAD",NA,"HRV",0,189.533333333333,189.533333333333,0,"AIS_2014"
"69",2014,"NOVIGRAD",NA,NA,0,158,158,0,"AIS_2014"
"70",2014,"OREBIC",NA,"HRV",0,831.083333333333,831.083333333333,0,"AIS_2014"
"71",2014,"OREBIC",NA,NA,0,75.5166666666667,75.5166666666667,0,"AIS_2014"
"72",2014,"ORTONA","abruzzo","ITA",1243.33333333333,7115.01666666667,8358.35,14.875,"AIS_2014"
"73",2014,"ORTONA",NA,NA,11.3166666666667,1030.31666666667,1041.63333333333,1.086,"AIS_2014"
"74",2014,"OTRANTO","puglia","ITA",0,1077.85,1077.85,0,"AIS_2014"
"75",2014,"OTRANTO",NA,NA,0,479.45,479.45,0,"AIS_2014"
"76",2014,"PESARO","marche","ITA",0,3188.91666666667,3188.91666666667,0,"AIS_2014"
"77",2014,"PESARO",NA,NA,0,659.4,659.4,0,"AIS_2014"
"78",2014,"PESCARA","abruzzo","ITA",2320.7,23515.1333333333,25835.8333333333,8.982,"AIS_2014"
"79",2014,"PESCARA",NA,NA,37.85,206.966666666667,244.816666666667,15.461,"AIS_2014"
"80",2014,"PLOCE",NA,NA,52.3,12.35,64.65,80.897,"AIS_2014"
"81",2014,"PLOMIN",NA,"HRV",0,18.5833333333333,18.5833333333333,0,"AIS_2014"
"82",2014,"PLOMIN",NA,NA,0,12.6833333333333,12.6833333333333,0,"AIS_2014"
"83",2014,"POREC",NA,"HRV",0,72.0666666666667,72.0666666666667,0,"AIS_2014"
"84",2014,"POREC",NA,NA,0,70.4666666666667,70.4666666666667,0,"AIS_2014"
"85",2014,"PORTO GARIBALDI","emilia","ITA",0,936.566666666667,936.566666666667,0,"AIS_2014"
"86",2014,"PORTO GARIBALDI",NA,NA,0,332.566666666667,332.566666666667,0,"AIS_2014"
"87",2014,"PORTO SAN GIORGIO","marche","ITA",0,2129.53333333333,2129.53333333333,0,"AIS_2014"
"88",2014,"PORTO SAN GIORGIO",NA,NA,0,465.833333333333,465.833333333333,0,"AIS_2014"
"89",2014,"PORTO TOLLE","veneto","ITA",0,7684.86666666667,7684.86666666667,0,"AIS_2014"
"90",2014,"PORTO TOLLE",NA,NA,0,53.9833333333333,53.9833333333333,0,"AIS_2014"
"91",2014,"PRAPRATNO",NA,"HRV",0,24.0833333333333,24.0833333333333,0,"AIS_2014"
"92",2014,"PRIMOSTEN",NA,"HRV",470.7,4445.8,4916.5,9.574,"AIS_2014"
"93",2014,"PRIMOSTEN",NA,NA,19.5166666666667,1067.18333333333,1086.7,1.796,"AIS_2014"
"94",2014,"PULA",NA,"HRV",0,267.866666666667,267.866666666667,0,"AIS_2014"
"95",2014,"PULA",NA,NA,0,643.95,643.95,0,"AIS_2014"
"96",2014,"RABAC",NA,NA,0,7.31666666666667,7.31666666666667,0,"AIS_2014"
"97",2014,"RAVENNA","emilia","ITA",0,166.333333333333,166.333333333333,0,"AIS_2014"
"98",2014,"RAVENNA",NA,NA,25.2,159.466666666667,184.666666666667,13.646,"AIS_2014"
"99",2014,"RIJEKA",NA,"HRV",2.13333333333333,234.916666666667,237.05,0.9,"AIS_2014"
"100",2014,"RIJEKA",NA,NA,0,36.8833333333333,36.8833333333333,0,"AIS_2014"
"101",2014,"RIMINI","emilia","ITA",0,5758.15,5758.15,0,"AIS_2014"
"102",2014,"RIMINI",NA,NA,0,2399.98333333333,2399.98333333333,0,"AIS_2014"
"103",2014,"ROGOZNICA",NA,"HRV",16.6333333333333,1293.63333333333,1310.26666666667,1.269,"AIS_2014"
"104",2014,"ROGOZNICA",NA,NA,19.2333333333333,1001.96666666667,1021.2,1.883,"AIS_2014"
"105",2014,"ROVINJ",NA,"HRV",0,260.65,260.65,0,"AIS_2014"
"106",2014,"ROVINJ",NA,NA,0,2.73333333333333,2.73333333333333,0,"AIS_2014"
"107",2014,"SAN BENEDETTO DEL TRONTO","marche","ITA",853.35,4561.65,5415,15.759,"AIS_2014"
"108",2014,"SAN BENEDETTO DEL TRONTO",NA,NA,137.85,1148.26666666667,1286.11666666667,10.718,"AIS_2014"
"109",2014,"SANTA MARINA",NA,"HRV",0,1393.98333333333,1393.98333333333,0,"AIS_2014"
"110",2014,"SANTA MARINA",NA,NA,0,24.2333333333333,24.2333333333333,0,"AIS_2014"
"111",2014,"SCARDOVARI","veneto","ITA",0,327.016666666667,327.016666666667,0,"AIS_2014"
"112",2014,"SCARDOVARI",NA,NA,0,228.133333333333,228.133333333333,0,"AIS_2014"
"113",2014,"SENIGALLIA","marche","ITA",0,456.85,456.85,0,"AIS_2014"
"114",2014,"SENIGALLIA",NA,NA,0,19.9166666666667,19.9166666666667,0,"AIS_2014"
"115",2014,"SIBENIK",NA,"HRV",85.1666666666667,913.55,998.716666666667,8.528,"AIS_2014"
"116",2014,"SIBENIK",NA,NA,1.2,169.45,170.65,0.703,"AIS_2014"
"117",2014,"SOLIN",NA,"HRV",13.9833333333333,700.733333333333,714.716666666667,1.956,"AIS_2014"
"118",2014,"SOLIN",NA,NA,0.65,381.333333333333,381.983333333333,0.17,"AIS_2014"
"119",2014,"SPLIT",NA,"HRV",13.6833333333333,136.25,149.933333333333,9.126,"AIS_2014"
"120",2014,"SPLIT",NA,NA,0,10.6333333333333,10.6333333333333,0,"AIS_2014"
"121",2014,"TERMOLI","molise","ITA",85.3166666666667,21771.2,21856.5166666667,0.39,"AIS_2014"
"122",2014,"TERMOLI",NA,NA,0.366666666666667,5104.06666666667,5104.43333333333,0.007,"AIS_2014"
"123",2014,"TRANI","puglia","ITA",0,108.266666666667,108.266666666667,0,"AIS_2014"
"124",2014,"TRANI",NA,NA,0,9.65,9.65,0,"AIS_2014"
"125",2014,"TRIBUNJ",NA,"HRV",397.216666666667,3821.85,4219.06666666667,9.415,"AIS_2014"
"126",2014,"TRIBUNJ",NA,NA,13.9333333333333,731.916666666667,745.85,1.868,"AIS_2014"
"127",2014,"TRIESTE","friuli","ITA",0,595.583333333333,595.583333333333,0,"AIS_2014"
"128",2014,"TROGIR",NA,"HRV",0,2.78333333333333,2.78333333333333,0,"AIS_2014"
"129",2014,"TROGIR",NA,NA,0,611.45,611.45,0,"AIS_2014"
"130",2014,"UMAG",NA,"HRV",0,406.15,406.15,0,"AIS_2014"
"131",2014,"UVALA KUJE",NA,"HRV",0,259.95,259.95,0,"AIS_2014"
"132",2014,"UVALA KUJE",NA,NA,0,167.5,167.5,0,"AIS_2014"
"133",2014,"VASTO","abruzzo","ITA",211.35,6096.55,6307.9,3.351,"AIS_2014"
"134",2014,"VASTO",NA,NA,64.4333333333333,1158.25,1222.68333333333,5.27,"AIS_2014"
"135",2014,"VELA LUKA",NA,"HRV",3.91666666666667,1741.51666666667,1745.43333333333,0.224,"AIS_2014"
"136",2014,"VELA LUKA",NA,NA,0,205.166666666667,205.166666666667,0,"AIS_2014"
"137",2014,"VENEZIA","veneto","ITA",0,7.5,7.5,0,"AIS_2014"
"138",2014,"VENEZIA",NA,NA,0,8.63333333333333,8.63333333333333,0,"AIS_2014"
"139",2014,"VIESTE","puglia","ITA",0,8063.08333333333,8063.08333333333,0,"AIS_2014"
"140",2014,"VIESTE",NA,NA,0,3107.25,3107.25,0,"AIS_2014"
"141",2014,"VIS",NA,"HRV",21.55,2674.43333333333,2695.98333333333,0.799,"AIS_2014"
"142",2014,"VIS",NA,NA,7.81666666666667,558.4,566.216666666667,1.381,"AIS_2014"
"143",2014,"VOLME",NA,"HRV",0,76.9333333333333,76.9333333333333,0,"AIS_2014"
"144",2014,"VRSAR",NA,"HRV",0,724.466666666667,724.466666666667,0,"AIS_2014"
"145",2014,"VRSAR",NA,NA,0,178.916666666667,178.916666666667,0,"AIS_2014"
"146",2014,"ZADAR",NA,"HRV",0,13.2166666666667,13.2166666666667,0,"AIS_2014"
"147",2014,NA,NA,NA,1.38333333333333,747,748.383333333333,0.185,"AIS_2014"
"148",NA,"ANCONA","marche","ITA",0,35641.9833333333,35641.9833333333,0,"AIS_before"
"149",NA,"ANCONA",NA,NA,0,4.66666666666667,4.66666666666667,0,"AIS_before"
"150",NA,"BARI","puglia","ITA",0,1445.43333333333,1445.43333333333,0,"AIS_before"
"151",NA,"BARLETTA","puglia","ITA",0,3825.61666666667,3825.61666666667,0,"AIS_before"
"152",NA,"BARLETTA",NA,NA,0,267.883333333333,267.883333333333,0,"AIS_before"
"153",NA,"BETINA",NA,"HRV",20.0333333333333,64.1333333333333,84.1666666666667,23.802,"AIS_before"
"154",NA,"BETINA",NA,NA,5.7,55.5333333333333,61.2333333333333,9.309,"AIS_before"
"155",NA,"BIOGRAD NA MORU",NA,"HRV",13.9833333333333,161.45,175.433333333333,7.971,"AIS_before"
"156",NA,"BISCEGLIE","puglia","ITA",0,2186.91666666667,2186.91666666667,0,"AIS_before"
"157",NA,"BISCEGLIE",NA,NA,14.6833333333333,85.4666666666667,100.15,14.661,"AIS_before"
"158",NA,"BRINDISI","puglia","ITA",0,4829.25,4829.25,0,"AIS_before"
"159",NA,"BRINDISI",NA,NA,0,813.483333333333,813.483333333333,0,"AIS_before"
"160",NA,"CAORLE","veneto","ITA",0,5502.26666666667,5502.26666666667,0,"AIS_before"
"161",NA,"CAORLE",NA,NA,0,818.533333333333,818.533333333333,0,"AIS_before"
"162",NA,"CAPOIALE","puglia","ITA",0,369.383333333333,369.383333333333,0,"AIS_before"
"163",NA,"CATTOLICA","emilia","ITA",0,848.816666666667,848.816666666667,0,"AIS_before"
"164",NA,"CATTOLICA",NA,NA,0,168.883333333333,168.883333333333,0,"AIS_before"
"165",NA,"CESENATICO","emilia","ITA",0,2030.38333333333,2030.38333333333,0,"AIS_before"
"166",NA,"CESENATICO",NA,NA,0,1.8,1.8,0,"AIS_before"
"167",NA,"CHIOGGIA","veneto","ITA",0,33438.9666666667,33438.9666666667,0,"AIS_before"
"168",NA,"CHIOGGIA",NA,NA,0,22.1333333333333,22.1333333333333,0,"AIS_before"
"169",NA,"CIVITANOVA MARCHE","marche","ITA",72.9,38052.4666666667,38125.3666666667,0.191,"AIS_before"
"170",NA,"CIVITANOVA MARCHE",NA,NA,0,214.433333333333,214.433333333333,0,"AIS_before"
"171",NA,"DRVENIK",NA,"HRV",0,35.5166666666667,35.5166666666667,0,"AIS_before"
"172",NA,"DUBROVNIK",NA,"HRV",0,5284.01666666667,5284.01666666667,0,"AIS_before"
"173",NA,"DUBROVNIK",NA,NA,0,569.533333333333,569.533333333333,0,"AIS_before"
"174",NA,"DURRES",NA,"ALB",0,0.333333333333333,0.333333333333333,0,"AIS_before"
"175",NA,"DURRES",NA,NA,0,1.18333333333333,1.18333333333333,0,"AIS_before"
"176",NA,"FANO","marche","ITA",0,5163.9,5163.9,0,"AIS_before"
"177",NA,"FANO",NA,NA,0,68.7833333333333,68.7833333333333,0,"AIS_before"
"178",NA,"GIULIANOVA","abruzzo","ITA",822.416666666667,3022.68333333333,3845.1,21.389,"AIS_before"
"179",NA,"GIULIANOVA",NA,NA,0,141.5,141.5,0,"AIS_before"
"180",NA,"GORO","veneto","ITA",0,630.016666666667,630.016666666667,0,"AIS_before"
"181",NA,"GORO",NA,NA,0,32.4666666666667,32.4666666666667,0,"AIS_before"
"182",NA,"GRADO","friuli","ITA",0,1363.43333333333,1363.43333333333,0,"AIS_before"
"183",NA,"GRADO",NA,NA,0,37.4166666666667,37.4166666666667,0,"AIS_before"
"184",NA,"HVAR",NA,"HRV",0,441.533333333333,441.533333333333,0,"AIS_before"
"185",NA,"HVAR",NA,NA,0,120.216666666667,120.216666666667,0,"AIS_before"
"186",NA,"IST",NA,"HRV",6.51666666666667,620.4,626.916666666667,1.039,"AIS_before"
"187",NA,"IST",NA,NA,0,205.916666666667,205.916666666667,0,"AIS_before"
"188",NA,"IZOLA",NA,"SVN",0,124.966666666667,124.966666666667,0,"AIS_before"
"189",NA,"KARIGADOR",NA,"HRV",0,1212.73333333333,1212.73333333333,0,"AIS_before"
"190",NA,"KARIGADOR",NA,NA,0,1.75,1.75,0,"AIS_before"
"191",NA,"KOMIZA",NA,"HRV",90.2333333333333,4105.26666666667,4195.5,2.151,"AIS_before"
"192",NA,"KOMIZA",NA,NA,4.68333333333333,315.55,320.233333333333,1.462,"AIS_before"
"193",NA,"KOPER",NA,"SVN",0,167.55,167.55,0,"AIS_before"
"194",NA,"LASTOVSKO OTOCJE",NA,"HRV",0,664.95,664.95,0,"AIS_before"
"195",NA,"LASTOVSKO OTOCJE",NA,NA,0,184.833333333333,184.833333333333,0,"AIS_before"
"196",NA,"LOVISTE",NA,"HRV",0,103.433333333333,103.433333333333,0,"AIS_before"
"197",NA,"MAKARSKA",NA,"HRV",0,104.1,104.1,0,"AIS_before"
"198",NA,"MALI LOSINJ",NA,"HRV",2.23333333333333,1116.16666666667,1118.4,0.2,"AIS_before"
"199",NA,"MALI LOSINJ",NA,NA,95.4,724.316666666667,819.716666666667,11.638,"AIS_before"
"200",NA,"MANFREDONIA","puglia","ITA",0,5085.61666666667,5085.61666666667,0,"AIS_before"
"201",NA,"MANFREDONIA",NA,NA,0,819.683333333333,819.683333333333,0,"AIS_before"
"202",NA,"MARANO LAGUNARE","friuli","ITA",0,3801.11666666667,3801.11666666667,0,"AIS_before"
"203",NA,"MARANO LAGUNARE",NA,NA,0,7.55,7.55,0,"AIS_before"
"204",NA,"MEDULIN",NA,"HRV",0,123.2,123.2,0,"AIS_before"
"205",NA,"MOLA DI BARI","puglia","ITA",0,2766.15,2766.15,0,"AIS_before"
"206",NA,"MOLA DI BARI",NA,NA,0,223.866666666667,223.866666666667,0,"AIS_before"
"207",NA,"MOLFETTA","puglia","ITA",0,19965.8,19965.8,0,"AIS_before"
"208",NA,"MOLFETTA",NA,NA,14.1333333333333,3009.26666666667,3023.4,0.467,"AIS_before"
"209",NA,"MOLUNAT",NA,"HRV",0,211.716666666667,211.716666666667,0,"AIS_before"
"210",NA,"MONOPOLI","puglia","ITA",16.2333333333333,6011.11666666667,6027.35,0.269,"AIS_before"
"211",NA,"MONOPOLI",NA,NA,6.4,66.45,72.85,8.785,"AIS_before"
"212",NA,"MURTER",NA,"HRV",19.8833333333333,196.466666666667,216.35,9.19,"AIS_before"
"213",NA,"MURTER",NA,NA,3.6,86.1833333333333,89.7833333333333,4.01,"AIS_before"
"214",NA,"NOVIGRAD",NA,"HRV",0,161.25,161.25,0,"AIS_before"
"215",NA,"NOVIGRAD",NA,NA,0,69.75,69.75,0,"AIS_before"
"216",NA,"OMISALJ",NA,"HRV",0,6.38333333333333,6.38333333333333,0,"AIS_before"
"217",NA,"OPATIJA",NA,"HRV",0,4.86666666666667,4.86666666666667,0,"AIS_before"
"218",NA,"OPATIJA",NA,NA,0,0.85,0.85,0,"AIS_before"
"219",NA,"OREBIC",NA,"HRV",0,1094.48333333333,1094.48333333333,0,"AIS_before"
"220",NA,"OREBIC",NA,NA,0,12.15,12.15,0,"AIS_before"
"221",NA,"ORTONA","abruzzo","ITA",2337.88333333333,7964.13333333333,10302.0166666667,22.693,"AIS_before"
"222",NA,"ORTONA",NA,NA,7.5,475.133333333333,482.633333333333,1.554,"AIS_before"
"223",NA,"OTRANTO","puglia","ITA",0,1912.78333333333,1912.78333333333,0,"AIS_before"
"224",NA,"OTRANTO",NA,NA,0,55.55,55.55,0,"AIS_before"
"225",NA,"PESARO","marche","ITA",0,5106.68333333333,5106.68333333333,0,"AIS_before"
"226",NA,"PESARO",NA,NA,0,489.183333333333,489.183333333333,0,"AIS_before"
"227",NA,"PESCARA","abruzzo","ITA",7300.31666666667,27932.3333333333,35232.65,20.72,"AIS_before"
"228",NA,"PESCARA",NA,NA,5.76666666666667,82.7333333333333,88.5,6.516,"AIS_before"
"229",NA,"PLOCE",NA,NA,11.4166666666667,23.2833333333333,34.7,32.901,"AIS_before"
"230",NA,"POREC",NA,"HRV",0,58.55,58.55,0,"AIS_before"
"231",NA,"PORTO GARIBALDI","emilia","ITA",0,1975.23333333333,1975.23333333333,0,"AIS_before"
"232",NA,"PORTO GARIBALDI",NA,NA,0,425.45,425.45,0,"AIS_before"
"233",NA,"PORTO SAN GIORGIO","marche","ITA",0,1187.21666666667,1187.21666666667,0,"AIS_before"
"234",NA,"PORTO SAN GIORGIO",NA,NA,0,187.25,187.25,0,"AIS_before"
"235",NA,"PORTO TOLLE","veneto","ITA",0,10036.6666666667,10036.6666666667,0,"AIS_before"
"236",NA,"PORTO TOLLE",NA,NA,0,9.5,9.5,0,"AIS_before"
"237",NA,"PRAPRATNO",NA,"HRV",0,133.733333333333,133.733333333333,0,"AIS_before"
"238",NA,"PRIMOSTEN",NA,"HRV",1243.36666666667,7192.51666666667,8435.88333333334,14.739,"AIS_before"
"239",NA,"PRIMOSTEN",NA,NA,89,1172.41666666667,1261.41666666667,7.056,"AIS_before"
"240",NA,"PULA",NA,"HRV",0,503.583333333333,503.583333333333,0,"AIS_before"
"241",NA,"PULA",NA,NA,0,474.7,474.7,0,"AIS_before"
"242",NA,"RABAC",NA,"HRV",0,0,0,NA,"AIS_before"
"243",NA,"RABAC",NA,NA,0,10.7333333333333,10.7333333333333,0,"AIS_before"
"244",NA,"RAVENNA","emilia","ITA",0,52.2666666666667,52.2666666666667,0,"AIS_before"
"245",NA,"RAVENNA",NA,NA,25.2,88.5333333333333,113.733333333333,22.157,"AIS_before"
"246",NA,"RIJEKA",NA,"HRV",2.13333333333333,111.1,113.233333333333,1.884,"AIS_before"
"247",NA,"RIJEKA",NA,NA,0,11.5333333333333,11.5333333333333,0,"AIS_before"
"248",NA,"RIMINI","emilia","ITA",0,8236.51666666667,8236.51666666667,0,"AIS_before"
"249",NA,"RIMINI",NA,NA,0,496.016666666667,496.016666666667,0,"AIS_before"
"250",NA,"ROGOZNICA",NA,"HRV",609.166666666667,5528.33333333333,6137.5,9.925,"AIS_before"
"251",NA,"ROGOZNICA",NA,NA,68.0833333333333,1480.05,1548.13333333333,4.398,"AIS_before"
"252",NA,"ROVINJ",NA,"HRV",0,366.95,366.95,0,"AIS_before"
"253",NA,"ROVINJ",NA,NA,0,2.73333333333333,2.73333333333333,0,"AIS_before"
"254",NA,"SAN BENEDETTO DEL TRONTO","marche","ITA",3379.15,11171.2833333333,14550.4333333333,23.224,"AIS_before"
"255",NA,"SAN BENEDETTO DEL TRONTO",NA,NA,27.9,356.333333333333,384.233333333333,7.261,"AIS_before"
"256",NA,"SANTA MARINA",NA,"HRV",0,829.483333333333,829.483333333333,0,"AIS_before"
"257",NA,"SANTA MARINA",NA,NA,0,206.266666666667,206.266666666667,0,"AIS_before"
"258",NA,"SAVUDRIJA",NA,"HRV",0,2.5,2.5,0,"AIS_before"
"259",NA,"SCARDOVARI","veneto","ITA",0,317.35,317.35,0,"AIS_before"
"260",NA,"SCARDOVARI",NA,NA,0,174.433333333333,174.433333333333,0,"AIS_before"
"261",NA,"SENIGALLIA","marche","ITA",0,1066.73333333333,1066.73333333333,0,"AIS_before"
"262",NA,"SIBENIK",NA,"HRV",127.366666666667,935.966666666667,1063.33333333333,11.978,"AIS_before"
"263",NA,"SIBENIK",NA,NA,3.4,62.2666666666667,65.6666666666667,5.178,"AIS_before"
"264",NA,"SLANO",NA,"HRV",0,6.45,6.45,0,"AIS_before"
"265",NA,"SOLIN",NA,"HRV",12.3333333333333,750.866666666667,763.2,1.616,"AIS_before"
"266",NA,"SOLIN",NA,NA,0,160.55,160.55,0,"AIS_before"
"267",NA,"SPLIT",NA,"HRV",23.8,228.1,251.9,9.448,"AIS_before"
"268",NA,"SPLIT",NA,NA,0,66.4,66.4,0,"AIS_before"
"269",NA,"TERMOLI","molise","ITA",78.6666666666667,31864.0166666667,31942.6833333333,0.246,"AIS_before"
"270",NA,"TERMOLI",NA,NA,20.7833333333333,2922.45,2943.23333333333,0.706,"AIS_before"
"271",NA,"TRANI","puglia","ITA",0,341.266666666667,341.266666666667,0,"AIS_before"
"272",NA,"TRANI",NA,NA,0,43.8833333333333,43.8833333333333,0,"AIS_before"
"273",NA,"TRIBUNJ",NA,"HRV",1266.16666666667,7314.8,8580.96666666667,14.756,"AIS_before"
"274",NA,"TRIBUNJ",NA,NA,37.5,391.883333333333,429.383333333333,8.733,"AIS_before"
"275",NA,"TRIESTE","friuli","ITA",0,570.766666666667,570.766666666667,0,"AIS_before"
"276",NA,"TROGIR",NA,"HRV",0,4.38333333333333,4.38333333333333,0,"AIS_before"
"277",NA,"TROGIR",NA,NA,0,250.833333333333,250.833333333333,0,"AIS_before"
"278",NA,"UMAG",NA,"HRV",0,834.083333333333,834.083333333333,0,"AIS_before"
"279",NA,"UVALA KUJE",NA,"HRV",0,284.433333333333,284.433333333333,0,"AIS_before"
"280",NA,"UVALA KUJE",NA,NA,0,30,30,0,"AIS_before"
"281",NA,"VASTO","abruzzo","ITA",453.133333333333,9993.86666666667,10447,4.337,"AIS_before"
"282",NA,"VASTO",NA,NA,11.5,399.1,410.6,2.801,"AIS_before"
"283",NA,"VELA LUKA",NA,"HRV",10.5,3282.4,3292.9,0.319,"AIS_before"
"284",NA,"VELA LUKA",NA,NA,0,112.25,112.25,0,"AIS_before"
"285",NA,"VENEZIA","veneto","ITA",0,11.0333333333333,11.0333333333333,0,"AIS_before"
"286",NA,"VENEZIA",NA,NA,0,43.9333333333333,43.9333333333333,0,"AIS_before"
"287",NA,"VIESTE","puglia","ITA",0,13820.4,13820.4,0,"AIS_before"
"288",NA,"VIESTE",NA,NA,0,2436.46666666667,2436.46666666667,0,"AIS_before"
"289",NA,"VIS",NA,"HRV",124.616666666667,5510.16666666667,5634.78333333333,2.212,"AIS_before"
"290",NA,"VIS",NA,NA,6.28333333333333,473.833333333333,480.116666666667,1.309,"AIS_before"
"291",NA,"VOLME",NA,"HRV",0,293.7,293.7,0,"AIS_before"
"292",NA,"VRSAR",NA,"HRV",0,1248.16666666667,1248.16666666667,0,"AIS_before"
"293",NA,"VRSAR",NA,NA,0,179.133333333333,179.133333333333,0,"AIS_before"
"294",NA,"ZADAR",NA,"HRV",6.06666666666667,89.7333333333333,95.8,6.333,"AIS_before"
"295",NA,NA,NA,NA,202.216666666667,954.35,1156.56666666667,17.484,"AIS_before"
